0.0,0.0,0.0,0.0,172.24246,-20.91907,-1.67752,test,1745412085745
0.0,0.0,0.0,0.0,165.38864,-19.86467,0.21785,test,1745412086803
38.28789,21.78794,100.62817,0.82,171.44052,-19.34567,-1.66725,test,1745412088008
38.28789,21.78794,100.62817,0.82,169.26051,-18.50215,-1.18146,test,1745412089013
38.28789,21.78794,100.62817,0.82,168.80049,-19.84767,-0.81295,test,1745412090036
38.28789,21.78794,100.62817,0.82,169.85942,-20.22192,-1.04888,test,1745412091040
38.28789,21.78794,100.62817,0.82,163.14618,-14.96695,-0.55003,test,1745412092220
38.28787,21.78799,97.14404,0.0,147.22784,-19.25073,5.89069,test,1745412093281
38.28787,21.78799,97.14404,0.0,80.69923,-0.6319,15.12321,test,1745412094286
38.28787,21.78799,97.14404,0.0,188.9837,1.20692,16.44488,test,1745412095424
38.28787,21.78799,97.14404,0.0,141.85051,8.60448,-0.28726,test,1745412096814
38.28787,21.78799,97.14404,0.0,52.40405,-5.61818,14.52149,test,1745412097939
38.28787,21.78799,97.14404,0.0,35.19942,-0.11832,-3.02457,test,1745412099027
38.28787,21.78799,97.14404,0.0,35.84867,-0.17365,-2.83569,test,1745412100032
38.28787,21.78799,97.14404,0.0,35.61806,-0.03319,-3.10377,test,1745412101171
38.28787,21.78799,97.14404,0.0,35.53399,-0.04715,-2.66909,test,1745412102194
38.28787,21.78799,97.14404,0.0,35.76073,-0.13116,-2.82738,test,1745412103237
38.28787,21.78799,97.14404,0.0,35.56196,-0.1172,-2.88398,test,1745412104250
38.28787,21.78799,97.14404,0.0,35.58514,-0.00523,-2.73885,test,1745412105255
38.28787,21.78799,97.14404,0.0,35.51675,-0.1313,-2.84413,test,1745412106280
38.28787,21.78799,97.14404,0.0,35.38355,-0.13138,-2.9162,test,1745412107286
38.28787,21.78799,97.14404,0.0,35.56669,-0.18709,-2.79875,test,1745412108685
38.28787,21.78799,97.14404,0.0,38.37702,0.16176,0.97382,test,1745412109692
38.28787,21.78799,97.14404,0.0,47.65807,2.44084,15.93881,test,1745412110706
38.28787,21.78799,97.14404,0.0,48.55937,-4.13805,10.32344,test,1745412111756
38.28787,21.78799,97.14404,0.0,82.32407,-0.14519,-1.81958,test,1745412112817
38.28787,21.78799,97.14404,0.0,82.36488,-0.04716,-2.04086,test,1745412113821
38.28787,21.78799,97.14404,0.0,81.95299,-0.07518,-2.0144,test,1745412114940
38.28787,21.78799,97.14404,0.0,81.78688,-0.1311,-1.83222,test,1745412115945
38.28787,21.78799,97.14404,0.0,81.8419,-0.07518,-1.74879,test,1745412116968
38.28787,21.78799,97.14404,0.0,82.06486,0.00873,-1.82821,test,1745412118139
38.28787,21.78799,97.14404,0.0,82.08154,-0.48926,-3.20421,test,1745412119200
38.28787,21.78799,97.14404,0.0,86.33779,1.19742,-1.49672,test,1745412120257
38.28787,21.78799,97.14404,0.0,304.42334,-0.57591,-2.19986,test,1745412121279
38.28787,21.78799,97.14404,0.0,303.91452,-0.485,-2.73831,test,1745412122309
38.28787,21.78799,97.14404,0.0,304.52863,-0.6075,-2.70424,test,1745412123314
38.28787,21.78799,97.14404,0.0,311.36417,-0.34953,-1.92883,test,1745412124498
38.28787,21.78799,97.14404,0.0,313.43668,-0.31348,-1.96184,test,1745412125533
38.28787,21.78799,97.14404,0.0,318.03143,-0.37093,-8.28454,test,1745412127544
38.28787,21.78799,97.14404,0.0,316.46216,-0.93771,5.04366,test,1745412128850
38.28787,21.78799,97.14404,0.0,311.33206,-0.37971,-1.5676,test,1745412129884
38.28787,21.78799,97.14404,0.0,313.07397,-0.38474,-1.57431,test,1745412131024
38.28787,21.78799,97.14404,0.0,315.20563,-0.39545,-1.82599,test,1745412132299
38.28787,21.78799,97.14404,0.0,326.6127,-1.91022,-1.18581,test,1745412133333
38.28787,21.78799,97.14404,0.0,337.89899,-1.36551,-2.14647,test,1745412134415
38.28787,21.78799,97.14404,0.0,343.36423,-1.09761,-2.03135,test,1745412136977
38.28787,21.78799,97.14404,0.0,345.60892,-1.27385,-1.38289,test,1745412138031
38.28787,21.78799,97.14404,0.0,345.76086,-1.29588,-0.81382,test,1745412139168
38.28787,21.78799,97.14404,0.0,342.0726,-1.32593,-2.91004,test,1745412140196
38.28787,21.78799,97.14404,0.0,345.18579,-1.59398,-1.15469,test,1745412141515
38.28787,21.78799,97.14404,0.0,344.5592,-1.53386,-2.00629,test,1745412142690
38.28787,21.78799,97.14404,0.0,345.72311,-1.57642,-2.25969,test,1745412143718
38.28787,21.78799,97.14404,0.0,346.1788,-1.48824,-1.91749,test,1745412144832
38.28787,21.78799,97.14404,0.0,346.27167,-1.534,-1.85208,test,1745412145837
38.28787,21.78799,97.14404,0.0,345.8443,-1.53174,-1.86336,test,1745412146843
38.28787,21.78799,97.14404,0.0,346.59164,-1.50218,-1.95944,test,1745412147848
38.28787,21.78799,97.14404,0.0,346.76743,-1.47462,-1.90396,test,1745412148855
38.28787,21.78799,97.14404,0.0,346.14853,-1.55855,-1.90396,test,1745412150019
38.28787,21.78799,97.14404,0.0,346.59705,-1.52986,-1.86109,test,1745412151030
38.28787,21.78799,97.14404,0.0,347.1355,-1.47539,-1.84891,test,1745412152036
38.28789,21.78802,96.48706,0.0,346.73367,-1.51585,-1.88905,test,1745412154048
38.28789,21.78802,96.48706,0.0,347.3967,-1.59978,-1.8471,test,1745412155053
38.28789,21.78802,96.48706,0.0,346.95828,-1.54535,-1.8769,test,1745412156068
38.28789,21.78802,96.48706,0.0,346.58289,-1.55786,-1.81914,test,1745412157226
38.28789,21.78802,96.48706,0.0,347.05231,-1.57111,-1.77631,test,1745412158230
38.28789,21.78802,96.48706,0.0,345.79855,-1.48903,-1.83446,test,1745412159249
38.28789,21.78802,96.48706,0.0,346.06839,-1.50186,-1.91702,test,1745412160256
38.28789,21.78802,96.48706,0.0,346.81818,-1.57268,-1.73608,test,1745412161423
38.28789,21.78802,96.48706,0.0,346.65479,-1.47401,-1.77718,test,1745412162429
38.28789,21.78802,96.48706,0.0,345.96585,-1.5722,-1.84755,test,1745412163449
38.28789,21.78802,96.48706,0.0,346.13596,-1.54495,-1.89044,test,1745412164456
38.28789,21.78802,96.48706,0.0,346.59445,-1.58432,-1.76148,test,1745412165474
38.28789,21.78802,96.48706,0.0,346.38022,-1.51619,-1.93147,test,1745412166670
38.28789,21.78802,96.48706,0.0,346.92917,-1.44597,-1.87507,test,1745412167822
38.28789,21.78802,96.48706,0.0,347.67542,-1.55936,-1.84891,test,1745412168826
38.28789,21.78802,96.48706,0.0,348.70782,-1.54903,-2.38825,test,1745412169942
38.28789,21.78802,96.48706,0.0,348.55539,-1.52196,-0.86296,test,1745412170982
38.28789,21.78802,96.48706,0.0,347.53699,-1.29654,-1.93762,test,1745412172993
38.28789,21.78802,96.48706,0.0,354.59521,-1.66399,-6.5667,test,1745412174000
38.28789,21.78802,96.48706,0.0,351.63513,-1.54088,-0.25135,test,1745412175053
38.28789,21.78802,96.48706,0.0,356.70413,-1.62251,0.59821,test,1745412176112
38.28789,21.78802,96.48706,0.0,1.43249,-2.25169,-3.72519,test,1745412178212
38.28789,21.78802,96.48706,0.0,2.48144,-1.81744,-3.27321,test,1745412179304
38.28789,21.78802,96.48706,0.0,1.81818,-1.99921,-2.40283,test,1745412181315
38.28789,21.78802,96.48706,0.0,1.57835,-1.92506,-3.11364,test,1745412182389
38.28789,21.78802,96.48706,0.0,2.12862,-1.79228,-1.95434,test,1745412183537
38.28789,21.78802,96.48706,0.0,2.30427,-1.93997,-2.24457,test,1745412185548
38.28789,21.78802,96.48706,0.0,1.75143,-1.9915,-2.64569,test,1745412186620
38.28789,21.78802,96.48706,0.0,1.34427,-1.99396,-2.63493,test,1745412187627
38.28789,21.78802,96.48706,0.0,2.50989,-1.80956,-2.50528,test,1745412188632
38.28789,21.78802,96.48706,0.0,1.2017,-1.89607,-2.25638,test,1745412189637
38.28789,21.78802,96.48706,0.0,2.50216,-1.83861,-2.35265,test,1745412190643
38.28789,21.78802,96.48706,0.0,3.43569,-2.18842,-4.37263,test,1745412191701
38.28789,21.78802,96.48706,0.0,1.79143,-1.79013,-1.95324,test,1745412193027
38.28789,21.78802,96.48706,0.0,2.191,-1.85187,-2.54783,test,1745412194031
38.28789,21.78802,96.48706,0.0,2.05111,-1.89574,-2.49434,test,1745412196042
38.28789,21.78802,96.48706,0.0,1.94702,-1.88043,-2.45056,test,1745412198056
38.28789,21.78802,96.48706,0.0,1.80511,-2.03381,-2.40801,test,1745412199223
38.28789,21.78802,96.48706,0.0,1.2409,-1.93668,-2.56307,test,1745412200232
38.28789,21.78802,96.48706,0.0,1.52979,-2.00819,-2.48096,test,1745412201238
38.28789,21.78802,96.48706,0.0,2.79301,-1.94411,-4.02396,test,1745412203273
38.28789,21.78802,96.48706,0.0,2.13025,-1.96925,-2.97655,test,1745412204474
38.28789,21.78802,96.48706,0.0,1.52166,-1.79692,-2.47914,test,1745412205516
38.28789,21.78802,96.48706,0.0,0.9652,-1.8669,-2.45116,test,1745412206521
38.28789,21.78802,96.48706,0.0,1.65861,-1.95302,-2.5802,test,1745412207526
38.28789,21.78802,96.48706,0.0,1.97865,-1.93729,-2.46575,test,1745412209539
38.28789,21.78802,96.48706,0.0,1.9128,-1.95061,-2.59104,test,1745412210543
38.28789,21.78802,96.48706,0.0,1.50619,-2.00331,-2.60504,test,1745412211705
38.28789,21.78802,96.48706,0.0,0.44375,-1.92651,-2.52604,test,1745412212715
38.28789,21.78802,96.48706,0.0,2.72094,-1.99695,-2.89175,test,1745412213731
38.28789,21.78802,96.48706,0.0,1.84959,-2.13962,-2.73026,test,1745412214808
38.28789,21.78802,96.48706,0.0,2.13371,-1.93303,-2.12465,test,1745412215813
38.28789,21.78802,96.48706,0.0,1.22395,-1.91672,-1.71705,test,1745412216819
38.28789,21.78802,96.48706,0.0,1.40632,-1.79744,-2.42377,test,1745412217825
38.28789,21.78802,96.48706,0.0,1.02367,-1.91336,-2.56934,test,1745412218830
38.28789,21.78802,96.48706,0.0,1.63924,-1.86763,-2.57831,test,1745412219836
38.28789,21.78802,96.48706,0.0,1.38836,-1.90506,-2.50222,test,1745412221845
38.28789,21.78802,96.48706,0.0,1.29074,-1.84024,-2.2089,test,1745412223856
38.28789,21.78802,96.48706,0.0,1.67653,-1.95712,-1.70185,test,1745412224875
38.28789,21.78802,96.48706,0.0,1.36659,-2.0127,-1.33899,test,1745412225881
38.28789,21.78802,96.48706,0.0,1.12203,-2.00346,-2.685,test,1745412226885
38.28789,21.78802,96.48706,0.0,2.37088,-1.84576,-2.39981,test,1745412227890
38.28789,21.78802,96.48706,0.0,0.64456,-2.0206,-2.54908,test,1745412228895
38.28789,21.78802,96.48706,0.0,1.09359,-1.90714,-2.67299,test,1745412229900
38.28789,21.78802,96.48706,0.0,1.14635,-1.93187,-2.61263,test,1745412230906
38.28789,21.78802,96.48706,0.0,0.75287,-1.94894,-2.43479,test,1745412232916
38.28789,21.78802,96.48706,0.0,1.5833,-2.06531,-2.39813,test,1745412233998
38.28789,21.78802,96.48706,0.0,1.03921,-1.89662,-2.52357,test,1745412235004
38.28789,21.78802,96.48706,0.0,0.28302,-1.9649,-2.38121,test,1745412236072
38.28789,21.78802,96.48706,0.0,1.5383,-1.86617,-1.94593,test,1745412237086
38.28789,21.78802,96.48706,0.0,1.76543,-2.00583,-2.422,test,1745412239095
38.28789,21.78802,96.48706,0.0,1.38105,-1.89101,-2.57203,test,1745412240101
38.28789,21.78802,96.48706,0.0,2.11882,-1.96419,-2.54846,test,1745412241106
38.28789,21.78802,96.48706,0.0,1.00955,-1.90562,-2.43301,test,1745412242130
38.28789,21.78802,96.48706,0.0,0.61451,-1.87451,-2.06577,test,1745412243134
38.28789,21.78802,96.48706,0.0,359.90799,-2.01555,-2.62658,test,1745412244139
38.28789,21.78802,96.48706,0.0,359.99451,-1.95937,-2.57015,test,1745412245144
38.28789,21.78802,96.48706,0.0,359.32205,-1.82512,-2.43273,test,1745412246164
38.28789,21.78802,96.48706,0.0,358.50113,-1.89409,-2.35208,test,1745412247170
38.28789,21.78802,96.48706,0.0,0.22762,-1.9458,-2.30505,test,1745412248175
38.28789,21.78802,96.48706,0.0,359.59921,-1.96071,-2.30618,test,1745412249180
38.28789,21.78802,96.48706,0.0,0.42137,-2.06026,-2.40625,test,1745412250185
38.28789,21.78802,96.48706,0.0,358.62497,-1.7926,-2.73885,test,1745412251190
38.28789,21.78802,96.48706,0.0,359.90732,-2.08481,-2.29054,test,1745412252196
38.28789,21.78802,96.48706,0.0,0.3553,-1.95634,-2.59866,test,1745412253203
38.28789,21.78802,96.48706,0.0,359.26245,-1.90561,-2.43687,test,1745412254209
38.28789,21.78802,96.48706,0.0,358.12024,-2.00044,-2.42945,test,1745412255375
38.28789,21.78802,96.48706,0.0,0.65356,-1.89404,-2.38004,test,1745412256380
38.28789,21.78802,96.48706,0.0,359.04535,-1.86353,-2.58662,test,1745412257386
38.28789,21.78802,96.48706,0.0,358.88684,-1.9561,-2.17521,test,1745412259400
38.28789,21.78802,96.48706,0.0,359.25742,-2.16246,-2.27094,test,1745412261493
38.28789,21.78802,96.48706,0.0,359.89233,-1.80298,-2.48221,test,1745412262553
38.28789,21.78802,96.48706,0.0,359.41681,-1.91338,-2.2322,test,1745412263557
38.28789,21.78802,96.48706,0.0,359.42468,-1.86853,-2.25693,test,1745412264606
38.28789,21.78802,96.48706,0.0,359.36285,-1.97636,-2.46214,test,1745412265611
38.28789,21.78802,96.48706,0.0,359.80417,-2.04269,-2.47189,test,1745412266755
38.28789,21.78802,96.48706,0.0,359.97556,-1.93585,-2.47793,test,1745412268770
38.28789,21.78802,96.48706,0.0,359.07581,-2.00116,-2.40519,test,1745412269776
38.28789,21.78802,96.48706,0.0,358.47287,-1.93842,-2.49929,test,1745412270781
38.28789,21.78802,96.48706,0.0,358.68112,-1.93265,-2.4039,test,1745412271785
38.28789,21.78802,96.48706,0.0,359.20737,-1.91618,-2.19127,test,1745412273799
38.28789,21.78802,96.48706,0.0,358.87314,-1.83717,-2.42081,test,1745412274805
38.28789,21.78802,96.48706,0.0,0.07292,-1.96341,-2.4214,test,1745412275811
38.28789,21.78802,96.48706,0.0,358.6438,-1.92601,-2.92581,test,1745412276818
38.28789,21.78802,96.48706,0.0,0.38353,-1.95467,-2.44194,test,1745412277954
38.28789,21.78802,96.48706,0.0,359.87793,-2.0098,-2.39871,test,1745412278965
38.28789,21.78802,96.48706,0.0,358.8085,-2.09895,-2.79398,test,1745412280973
38.28789,21.78802,96.48706,0.0,358.77322,-1.96002,-2.44518,test,1745412281977
38.28789,21.78802,96.48706,0.0,358.75977,-1.87018,-2.59047,test,1745412282983
38.28789,21.78802,96.48706,0.0,359.54739,-1.93198,-2.65998,test,1745412285001
38.28789,21.78802,96.48706,0.0,359.7489,-1.89911,-2.72356,test,1745412286007
38.28789,21.78802,96.48706,0.0,359.96628,-1.91632,-2.47482,test,1745412287012
38.28789,21.78802,96.48706,0.0,0.30108,-1.85829,-2.50046,test,1745412288018
38.28789,21.78802,96.48706,0.0,41.86253,-1.56052,-1.73197,test,1745412289025
38.28789,21.78802,96.48706,0.0,243.43176,1.83415,-68.18457,test,1745412291621
38.28789,21.78802,96.48706,0.0,224.40628,-83.0273,-1.32947,test,1745412292732
38.28789,21.78802,96.48706,0.0,227.31952,-68.55527,-2.41899,test,1745412293741
38.28789,21.78802,96.48706,0.0,145.26961,0.54369,-30.92763,test,1745412294970
38.28789,21.78802,96.48706,0.0,128.31059,-10.72992,-2.44382,test,1745412296674
38.28789,21.78802,96.48706,0.0,120.12334,-10.42848,-5.05722,test,1745412297681
38.28789,21.78802,96.48706,0.0,81.05967,-11.00629,1.06224,test,1745412298756
38.28789,21.78802,96.48706,0.0,331.71063,-5.40988,1.27886,test,1745412299835
38.28789,21.78802,96.48706,0.0,319.90952,-6.06508,3.68034,test,1745412300839
38.28789,21.78802,96.48706,0.0,294.84125,-3.51538,9.94425,test,1745412301844
38.28789,21.78802,96.48706,0.0,297.61563,-2.83694,6.43916,test,1745412303855
38.28789,21.78802,96.48706,0.0,303.30249,-2.29938,4.6945,test,1745412304922
38.28789,21.78802,96.48706,0.0,302.02899,-1.62254,6.72348,test,1745412305926
38.28789,21.78802,96.48706,0.0,303.39383,-1.75603,6.62778,test,1745412306931
38.28789,21.78802,96.48706,0.0,303.77567,-1.81174,6.45757,test,1745412307935
38.28789,21.78802,96.48706,0.0,311.96692,-0.93806,6.8145,test,1745412309204
38.28789,21.78802,96.48706,0.0,322.92529,0.82373,5.99119,test,1745412310281
38.28789,21.78802,96.48706,0.0,338.32162,1.50755,3.61999,test,1745412311327
38.28789,21.78802,96.48706,0.0,350.38593,0.98,2.45722,test,1745412312332
38.28789,21.78802,96.48706,0.0,3.24333,1.08575,4.32669,test,1745412314480
38.28789,21.78802,96.48706,0.0,3.7229,1.01425,4.01185,test,1745412315485
38.28789,21.78802,96.48706,0.0,3.79785,1.04143,3.35161,test,1745412316490
38.28789,21.78802,96.48706,0.0,4.69552,0.92024,2.96036,test,1745412317496
38.28789,21.78802,96.48706,0.0,4.56215,0.98619,3.25565,test,1745412318613
38.28789,21.78802,96.48706,0.0,4.51627,0.94749,3.05615,test,1745412319618
38.28789,21.78802,96.48706,0.0,5.3673,0.9352,2.65411,test,1745412320624
38.28789,21.78802,96.48706,0.0,5.1723,1.04369,2.8686,test,1745412321630
38.28789,21.78802,96.48706,0.0,4.27582,0.87579,3.24645,test,1745412322636
38.28789,21.78802,96.48706,0.0,5.17565,0.84938,2.85952,test,1745412323642
38.28789,21.78802,96.48706,0.0,4.48558,1.05539,3.09999,test,1745412325654
38.28789,21.78802,96.48706,0.0,5.47932,0.96046,2.29613,test,1745412326794
38.28789,21.78802,96.48706,0.0,5.88439,0.98503,2.95844,test,1745412328808
38.28789,21.78802,96.48706,0.0,6.2015,1.01558,2.75616,test,1745412329813
38.28789,21.78802,96.48706,0.0,5.78437,0.91919,2.57831,test,1745412330819
38.28789,21.78802,96.48706,0.0,6.19759,0.90199,2.40156,test,1745412332846
38.28789,21.78802,96.48706,0.0,6.68128,1.08078,2.38181,test,1745412333885
38.28789,21.78802,96.48706,0.0,6.38103,0.55829,2.6639,test,1745412335004
38.28789,21.78802,96.48706,0.0,7.29924,0.32005,3.17032,test,1745412336008
38.28789,21.78802,96.48706,0.0,11.54893,1.05383,-0.25086,test,1745412338016
38.28789,21.78802,96.48706,0.0,11.03976,1.04321,-0.20971,test,1745412340026
38.28789,21.78802,96.48706,0.0,11.87601,0.94841,-1.22033,test,1745412341031
38.28789,21.78802,96.48706,0.0,11.68609,1.01691,-0.74222,test,1745412342036
38.28789,21.78802,96.48706,0.0,12.09744,1.09558,-1.4216,test,1745412343042
38.28789,21.78802,96.48706,0.0,12.65859,1.0575,-1.7204,test,1745412344046
38.28789,21.78802,96.48706,0.0,11.84044,0.97536,-0.86866,test,1745412345052
38.28789,21.78802,96.48706,0.0,13.11875,1.14026,-2.1381,test,1745412347177
38.28789,21.78802,96.48706,0.0,13.47759,1.09662,-1.92536,test,1745412348258
38.28789,21.78802,96.48706,0.0,13.41782,1.02913,-1.9715,test,1745412349268
38.28789,21.78802,96.48706,0.0,13.46621,1.05618,-1.76019,test,1745412350280
38.28789,21.78802,96.48706,0.0,10.58494,4.29134,-2.34863,test,1745412351339
38.28789,21.78802,96.48706,0.0,306.76224,3.79651,-0.5997,test,1745412352362
38.28789,21.78802,96.48706,0.0,336.95651,7.34616,-1.54248,test,1745412353388
38.28789,21.78802,96.48706,0.0,345.78345,7.2571,-3.30417,test,1745412354391
38.28789,21.78802,96.48706,0.0,335.35944,7.93799,-0.26648,test,1745412355395
38.28789,21.78802,96.48706,0.0,289.13055,13.11377,-4.16712,test,1745412356400
38.28789,21.78802,96.48706,0.0,49.19315,10.64806,-3.74314,test,1745412357406
38.28789,21.78802,96.48706,0.0,50.81693,11.73346,2.68461,test,1745412358410
38.28789,21.78802,96.48706,0.0,43.34062,15.50032,-0.29581,test,1745412359416
38.28789,21.78802,96.48706,0.0,69.12775,-0.21634,2.25805,test,1745412360420
38.28789,21.78802,96.48706,0.0,68.13573,4.61971,3.0113,test,1745412362432
38.28789,21.78802,96.48706,0.0,32.37107,-21.01613,6.7058,test,1745412363436
38.28789,21.78802,96.48706,0.0,351.08047,18.81442,-4.18803,test,1745412365447
38.28789,21.78802,96.48706,0.0,7.51766,7.8177,7.13854,test,1745412366453
38.28789,21.78802,96.48706,0.0,316.57867,8.18155,-2.24339,test,1745412367489
38.28789,21.78802,96.48706,0.0,278.73413,10.40285,-7.49403,test,1745412368493
38.28789,21.78802,96.48706,0.0,28.45355,8.29079,-4.89645,test,1745412369497
38.28789,21.78802,96.48706,0.0,61.58483,8.38965,-3.47287,test,1745412370500
38.28789,21.78802,96.48706,0.0,27.53489,6.30354,-16.16461,test,1745412371604
38.28789,21.78802,96.48706,0.0,46.395,3.79033,-7.58241,test,1745412372669
38.28789,21.78802,96.48706,0.0,45.95295,3.86383,-8.30086,test,1745412373676
38.28789,21.78802,96.48706,0.0,144.21921,-1.43713,-37.27811,test,1745412375708
38.28789,21.78802,96.48706,0.0,144.28607,-40.69081,1.12282,test,1745412376717
38.28789,21.78802,96.48706,0.0,142.17145,-40.5896,1.03754,test,1745412377754
38.28789,21.78802,96.48706,0.0,149.37146,-42.44263,0.83289,test,1745412378838
38.28789,21.78802,96.48706,0.0,144.75757,-40.95378,1.03517,test,1745412379842
38.28789,21.78802,96.48706,0.0,145.03304,-40.60923,0.8727,test,1745412380847
38.28789,21.78802,96.48706,0.0,144.26454,-40.95675,0.94197,test,1745412381856
38.28789,21.78802,96.48706,0.0,144.91342,-41.14437,1.08958,test,1745412382865
38.28789,21.78802,96.48706,0.0,143.76804,-40.72625,0.87706,test,1745412383892
38.28789,21.78802,96.48706,0.0,143.39592,-40.9062,0.90262,test,1745412384896
38.28789,21.78802,96.48706,0.0,143.58849,-40.32756,0.94936,test,1745412385900
38.28789,21.78802,96.48706,0.0,142.61555,-40.22213,1.01234,test,1745412388196
38.28789,21.78802,96.48706,0.0,147.33743,-41.0997,0.80173,test,1745412389231
38.28789,21.78802,96.48706,0.0,145.07344,-50.83497,-2.58423,test,1745412390234
38.28789,21.78802,96.48706,0.0,149.39197,-25.35505,-0.0723,test,1745412391239
38.28789,21.78802,96.48706,0.0,187.75153,13.86382,-1.43748,test,1745412392346
38.28789,21.78802,96.48706,0.0,123.92985,15.372,-3.15439,test,1745412393367
38.28789,21.78802,96.48706,0.0,86.90613,-2.3084,0.85193,test,1745412394371
38.28789,21.78802,96.48706,0.0,105.31197,-19.38963,-5.26958,test,1745412396381
38.28789,21.78802,96.48706,0.0,199.12965,-14.96765,-5.58264,test,1745412397387
38.28789,21.78802,96.48706,0.0,216.56148,-21.98337,-5.26787,test,1745412398566
38.28789,21.78802,96.48706,0.0,210.11749,-24.8402,-3.61238,test,1745412399570
38.28789,21.78802,96.48706,0.0,80.50724,-6.10382,-1.14539,test,1745412400575
38.28789,21.78802,96.48706,0.0,153.74431,-14.53937,8.12671,test,1745412401696
38.28789,21.78802,96.48706,0.0,286.66943,-10.68043,3.68797,test,1745412403774
38.28789,21.78802,96.48706,0.0,272.79395,-11.00703,3.62236,test,1745412404778
38.28789,21.78802,96.48706,0.0,270.04425,-10.97949,3.48297,test,1745412405782
38.28789,21.78802,96.48706,0.0,273.58884,-11.16363,3.54282,test,1745412407792
38.28789,21.78802,96.48706,0.0,271.13953,-11.13943,3.6702,test,1745412408797
38.28789,21.78802,96.48706,0.0,273.13132,-11.14484,3.53249,test,1745412410808
38.28789,21.78802,96.48706,0.0,276.23425,-11.18891,3.66774,test,1745412411813
38.28789,21.78802,96.48706,0.0,268.3602,-11.05671,3.63391,test,1745412412822
38.28789,21.78802,96.48706,0.0,267.85483,-11.07286,3.6671,test,1745412413827
38.28789,21.78802,96.48706,0.0,268.10114,-11.05671,3.52223,test,1745412414833
38.28789,21.78802,96.48706,0.0,266.2868,-11.09527,3.66045,test,1745412415837
38.28789,21.78802,96.48706,0.0,265.88754,-11.04329,3.62956,test,1745412416970
38.28789,21.78802,96.48706,0.0,266.34085,-11.07643,3.58467,test,1745412418985
38.28789,21.78802,96.48706,0.0,267.63364,-11.1779,3.66879,test,1745412419990
38.28789,21.78802,96.48706,0.0,267.26477,-11.11442,3.63411,test,1745412422000
38.28789,21.78802,96.48706,0.0,265.0123,-11.11442,3.55034,test,1745412423005
38.28789,21.78802,96.48706,0.0,265.99017,-11.13922,3.6608,test,1745412425015
38.28789,21.78802,96.48706,0.0,272.40079,-11.18301,3.47005,test,1745412426021
38.28789,21.78802,96.48706,0.0,269.79044,-10.95108,3.57643,test,1745412428031
38.28789,21.78802,96.48706,0.0,270.1723,-11.07643,3.52893,test,1745412429037
38.28789,21.78802,96.48706,0.0,272.12848,-11.20277,3.73257,test,1745412431157
38.28789,21.78802,96.48706,0.0,271.97839,-11.24027,3.56677,test,1745412432160
38.28789,21.78802,96.48706,0.0,270.27487,-10.86401,3.5804,test,1745412433168
38.28789,21.78802,96.48706,0.0,271.92322,-10.97867,3.5197,test,1745412434178
38.28789,21.78802,96.48706,0.0,273.78256,-11.08636,3.61551,test,1745412435182
38.28789,21.78802,96.48706,0.0,272.60236,-11.31507,3.54172,test,1745412436187
38.28789,21.78802,96.48706,0.0,270.18466,-11.09231,3.52443,test,1745412438197
38.28789,21.78802,96.48706,0.0,270.58514,-10.99784,3.46516,test,1745412439203
38.28789,21.78802,96.48706,0.0,272.02692,-11.15725,3.59146,test,1745412440208
38.28789,21.78802,96.48706,0.0,273.50284,-10.87724,3.41682,test,1745412441214
38.28789,21.78802,96.48706,0.0,273.36462,-11.1268,3.43619,test,1745412442218
38.28789,21.78802,96.48706,0.0,271.30228,-10.81216,3.52162,test,1745412443224
38.28789,21.78802,96.48706,0.0,269.66174,-11.3041,3.66811,test,1745412444229
38.28789,21.78802,96.48706,0.0,272.19727,-11.14443,3.62518,test,1745412445234
38.28789,21.78802,96.48706,0.0,271.69901,-10.96306,3.52422,test,1745412446239
38.28789,21.78802,96.48706,0.0,273.55481,-10.91279,3.46097,test,1745412447361
38.28789,21.78802,96.48706,0.0,271.80118,-11.03559,3.53897,test,1745412448370
38.28789,21.78802,96.48706,0.0,271.84583,-10.92078,3.58954,test,1745412449375
38.28789,21.78802,96.48706,0.0,272.07343,-11.0208,3.63617,test,1745412451384
38.28789,21.78802,96.48706,0.0,273.39478,-11.04127,3.61971,test,1745412452389
38.28789,21.78802,96.48706,0.0,271.93903,-11.05306,3.50655,test,1745412453395
38.28789,21.78802,96.48706,0.0,273.64304,-11.11712,3.39754,test,1745412454401
38.28789,21.78802,96.48706,0.0,272.84949,-11.13403,3.50125,test,1745412455411
38.28789,21.78802,96.48706,0.0,273.37036,-11.10581,3.57062,test,1745412456416
38.28789,21.78802,96.48706,0.0,273.36743,-11.26837,3.53537,test,1745412457420
38.28789,21.78802,96.48706,0.0,273.6994,-11.07167,3.55902,test,1745412458425
38.28789,21.78802,96.48706,0.0,274.21381,-10.81479,3.57832,test,1745412459431
38.28789,21.78802,96.48706,0.0,274.53275,-11.04229,3.57317,test,1745412460437
38.28789,21.78802,96.48706,0.0,274.78333,-10.94974,3.39439,test,1745412461560
38.28789,21.78802,96.48706,0.0,274.75372,-11.15336,3.52626,test,1745412462565
38.28789,21.78802,96.48706,0.0,272.10086,-11.14795,3.62198,test,1745412463569
38.28789,21.78802,96.48706,0.0,272.46918,-11.0666,3.58183,test,1745412464584
38.28789,21.78802,96.48706,0.0,272.70035,-11.08562,3.6666,test,1745412466592
38.28789,21.78802,96.48706,0.0,271.73874,-10.87574,3.52428,test,1745412467598
38.28789,21.78802,96.48706,0.0,274.64685,-10.7102,3.57664,test,1745412468603
38.28789,21.78802,96.48706,0.0,273.28967,-11.24643,3.54695,test,1745412470614
38.28789,21.78802,96.48706,0.0,272.42313,-11.03762,3.54047,test,1745412471619
38.28789,21.78802,96.48706,0.0,264.88547,-20.26283,5.43269,test,1745412472623
38.28789,21.78802,96.48706,0.0,312.98447,-13.44823,0.47423,test,1745412473630
38.28789,21.78802,96.48706,0.0,289.89697,59.07384,1.87756,test,1745412474726
38.28789,21.78802,96.48706,0.0,341.13101,-40.05904,-0.7849,test,1745412475772
38.28789,21.78802,96.48706,0.0,289.32755,-65.61111,3.67822,test,1745412476880
38.28789,21.78802,96.48706,0.0,333.95749,-27.0599,9.48514,test,1745412477926
38.28789,21.78802,96.48706,0.0,327.47546,-16.34421,8.44165,test,1745412478929
38.28789,21.78802,96.48706,0.0,296.55042,-7.4994,-14.68616,test,1745412480061
38.28789,21.78802,96.48706,0.0,345.15518,-1.30034,-3.31085,test,1745412481067
38.28789,21.78802,96.48706,0.0,352.21091,-6.24538,-1.66663,test,1745412482072
38.28789,21.78802,96.48706,0.0,356.86475,-3.32894,-1.14131,test,1745412483077
38.28789,21.78802,96.48706,0.0,1.13369,-2.46754,0.22179,test,1745412485089
38.28789,21.78802,96.48706,0.0,1.1538,-1.81426,-0.19011,test,1745412487100
38.28789,21.78802,96.48706,0.0,3.14572,-1.35326,-0.483,test,1745412488176
38.28789,21.78802,96.48706,0.0,3.42234,-2.2967,-0.30276,test,1745412489255
38.28789,21.78802,96.48706,0.0,5.22366,-1.68011,-0.4847,test,1745412490261
38.28789,21.78802,96.48706,0.0,5.686,-1.82627,-0.38802,test,1745412491265
38.28789,21.78802,96.48706,0.0,337.01151,-6.21219,0.25317,test,1745412493274
38.28789,21.78802,96.48706,0.0,301.87518,4.38896,2.25902,test,1745412494381
38.28789,21.78802,96.48706,0.0,349.45224,-3.14442,-0.78058,test,1745412495386
38.28789,21.78802,96.48706,0.0,209.76477,8.38821,-6.40778,test,1745412497488
38.28789,21.78802,96.48706,0.0,247.25127,14.42554,-12.7166,test,1745412499530
38.28789,21.78802,96.48706,0.0,253.14183,13.67464,-5.80229,test,1745412500536
38.28789,21.78802,96.48706,0.0,230.76271,19.52827,0.88237,test,1745412502547
38.28789,21.78802,96.48706,0.0,239.63947,9.33965,-0.99188,test,1745412503552
38.28789,21.78802,96.48706,0.0,230.6712,20.84189,1.86005,test,1745412504558
38.28789,21.78802,96.48706,0.0,247.47659,22.44744,1.26884,test,1745412506570
38.28789,21.78802,96.48706,0.0,208.36401,26.18177,1.4351,test,1745412507574
38.28789,21.78802,96.48706,0.0,208.22659,26.15838,1.2338,test,1745412508579
38.28789,21.78802,96.48706,0.0,205.75735,26.07725,1.23364,test,1745412510598
38.28789,21.78802,96.48706,0.0,206.06606,26.78391,1.32404,test,1745412511602
38.28789,21.78802,96.48706,0.0,207.9101,25.692,1.14745,test,1745412513612
38.28789,21.78802,96.48706,0.0,208.80902,25.76597,1.23222,test,1745412514618
38.28789,21.78802,96.48706,0.0,206.53986,25.8656,1.34406,test,1745412516628
38.28789,21.78802,96.48706,0.0,203.98311,25.75473,1.17467,test,1745412517631
38.28789,21.78802,96.48706,0.0,205.44844,25.85459,1.22998,test,1745412518636
38.28789,21.78802,96.48706,0.0,206.27022,25.82347,1.31345,test,1745412520654
38.28789,21.78802,96.48706,0.0,205.08234,25.79757,1.2455,test,1745412522752
38.28789,21.78802,96.48706,0.0,205.83156,25.6734,1.27263,test,1745412523755
38.28789,21.78802,96.48706,0.0,207.53474,25.59622,1.2399,test,1745412525820
38.28789,21.78802,96.48706,0.0,206.54921,25.88312,1.31847,test,1745412526823
38.28789,21.78802,96.48706,0.0,206.74286,25.82185,1.28842,test,1745412528830
38.28789,21.78802,96.48706,0.0,204.95015,25.96559,1.14851,test,1745412529835
38.28789,21.78802,96.48706,0.0,207.65512,25.77938,1.14722,test,1745412531851
38.28789,21.78802,96.48706,0.0,215.23781,24.5045,1.49863,test,1745412532860
38.28789,21.78802,96.48706,0.0,238.77621,9.78979,0.37292,test,1745412533865
38.28789,21.78802,96.48706,0.0,259.75449,5.89758,0.23799,test,1745412534938
38.28789,21.78802,96.48706,0.0,249.49661,6.04033,-0.73759,test,1745412536020
38.28789,21.78802,96.48706,0.0,261.68414,-3.36069,5.16406,test,1745412537066
38.28789,21.78802,96.48706,0.0,274.5354,12.11516,-1.34001,test,1745412538070
38.28789,21.78802,96.48706,0.0,234.41101,7.68821,-1.15849,test,1745412540079
38.28789,21.78802,96.48706,0.0,227.39024,0.99164,1.77544,test,1745412541083
38.28789,21.78802,96.48706,0.0,157.55322,1.15744,5.9205,test,1745412542103
38.28789,21.78802,96.48706,0.0,158.66487,-13.33003,7.35449,test,1745412543154
38.28789,21.78802,96.48706,0.0,148.88287,1.58351,0.11432,test,1745412544158
38.28789,21.78802,96.48706,0.0,149.50597,11.41563,-1.32545,test,1745412546166
38.28789,21.78802,96.48706,0.0,138.79953,-2.29454,1.52026,test,1745412548175
38.28789,21.78802,96.48706,0.0,135.31674,9.42536,-1.02637,test,1745412549226
38.28789,21.78802,96.48706,0.0,135.70592,9.41845,-0.9295,test,1745412550255
38.28789,21.78802,96.48706,0.0,136.60823,9.20888,-1.00256,test,1745412551269
38.28789,21.78802,96.48706,0.0,135.08392,9.10212,-0.95685,test,1745412552272
38.28789,21.78802,96.48706,0.0,135.41277,9.24167,-0.94417,test,1745412554279
38.28789,21.78802,96.48706,0.0,135.37384,9.24391,-0.81873,test,1745412556289
38.28789,21.78802,96.48706,0.0,134.41852,9.25769,-0.95831,test,1745412558299
38.28789,21.78802,96.48706,0.0,135.67146,9.24391,-0.95836,test,1745412559302
38.28789,21.78802,96.48706,0.0,135.94127,9.21634,-0.94447,test,1745412560307
38.28789,21.78802,96.48706,0.0,135.75304,9.21186,-0.86028,test,1745412561314
38.28789,21.78802,96.48706,0.0,134.72073,9.24167,-1.0,test,1745412562318
38.28789,21.78802,96.48706,0.0,201.05318,21.17857,13.57495,test,1745412564391
38.28789,21.78802,96.48706,0.0,168.44206,8.01665,3.17545,test,1745412566450
38.28789,21.78802,96.48706,0.0,153.1846,10.13561,-6.82922,test,1745412567527
38.28789,21.78802,96.48706,0.0,187.28772,21.37743,-0.41946,test,1745412568574
38.28789,21.78802,96.48706,0.0,148.49712,20.62911,-2.34361,test,1745412570584
38.28789,21.78802,96.48706,0.0,147.11578,20.41621,-2.28967,test,1745412571589
38.28789,21.78802,96.48706,0.0,148.08652,20.60125,-2.412,test,1745412573600
38.28789,21.78802,96.48706,0.0,148.07697,20.7253,-2.35181,test,1745412574604
38.28789,21.78802,96.48706,0.0,147.22691,20.45757,-2.43207,test,1745412576615
38.28789,21.78802,96.48706,0.0,148.30042,20.70874,-2.39012,test,1745412577620
38.28789,21.78802,96.48706,0.0,148.37271,20.78157,-2.51324,test,1745412579630
38.28789,21.78802,96.48706,0.0,147.6712,20.51156,-2.21512,test,1745412580635
38.28789,21.78802,96.48706,0.0,147.5784,20.61098,-2.18512,test,1745412582750
38.28789,21.78802,96.48706,0.0,148.50743,20.52617,-2.34148,test,1745412584756
38.28789,21.78802,96.48706,0.0,148.38458,20.39075,-2.27824,test,1745412585760
38.28789,21.78802,96.48706,0.0,146.90877,20.47865,-2.43616,test,1745412587773
38.28789,21.78802,96.48706,0.0,149.63345,20.58164,-2.42879,test,1745412588777
38.28789,21.78802,96.48706,0.0,148.58984,20.5161,-2.27606,test,1745412590786
38.28789,21.78802,96.48706,0.0,148.21597,20.82893,-2.37213,test,1745412591799
38.28789,21.78802,96.48706,0.0,147.55138,20.54076,-2.43138,test,1745412593808
38.28789,21.78802,96.48706,0.0,147.93004,20.85821,-2.29927,test,1745412595820
38.28789,21.78802,96.48706,0.0,147.52443,20.63761,-2.38072,test,1745412597830
38.28789,21.78802,96.48706,0.0,147.99915,20.87314,-2.45586,test,1745412598836
38.28789,21.78802,96.48706,0.0,148.56952,20.96827,-2.34029,test,1745412600938
38.28789,21.78802,96.48706,0.0,148.54216,20.43453,-2.28293,test,1745412601947
38.28789,21.78802,96.48706,0.0,149.03087,20.75676,-2.27306,test,1745412602955
38.28789,21.78802,96.48706,0.0,149.02112,20.57181,-2.05051,test,1745412603959
38.28789,21.78802,96.48706,0.0,148.45653,20.5849,-2.35765,test,1745412604962
38.28789,21.78802,96.48706,0.0,148.67825,20.88055,-2.24095,test,1745412605971
38.28789,21.78802,96.48706,0.0,148.45184,20.57984,-2.35635,test,1745412606974
38.28789,21.78802,96.48706,0.0,148.35367,20.78739,-2.33812,test,1745412607980
38.28789,21.78802,96.48706,0.0,149.22621,20.74685,-2.32785,test,1745412609992
38.28789,21.78802,96.48706,0.0,147.71176,20.74585,-2.48979,test,1745412610997
38.28789,21.78802,96.48706,0.0,148.8055,20.76623,-2.43663,test,1745412613008
38.28789,21.78802,96.48706,0.0,131.15865,19.57195,-3.53108,test,1745412614013
38.28789,21.78802,96.48706,0.0,146.42003,1.81163,0.48631,test,1745412615018
38.28789,21.78802,96.48706,0.0,107.23452,3.15153,-0.70093,test,1745412616023
38.28789,21.78802,96.48706,0.0,108.08672,2.52913,-0.92171,test,1745412618064
38.28789,21.78802,96.48706,0.0,110.77368,2.42081,-0.63821,test,1745412619068
38.28789,21.78802,96.48706,0.0,111.07421,2.07132,-0.84822,test,1745412621076
38.28789,21.78802,96.48706,0.0,117.31866,1.7747,-0.92352,test,1745412622079
38.28789,21.78802,96.48706,0.0,126.77968,1.78986,-0.7357,test,1745412624088
38.28789,21.78802,96.48706,0.0,102.46085,1.89979,-0.7908,test,1745412626098
38.28789,21.78802,96.48706,0.0,108.35171,2.16363,-0.95148,test,1745412628107
38.28789,21.78802,96.48706,0.0,108.35293,2.22335,-0.96718,test,1745412629111
38.28789,21.78802,96.48706,0.0,117.89446,2.63043,-1.02966,test,1745412630130
38.28789,21.78802,96.48706,0.0,112.97774,2.26264,-0.53932,test,1745412631144
38.28789,21.78802,96.48706,0.0,115.57116,1.78279,-0.84344,test,1745412632152
38.28789,21.78802,96.48706,0.0,114.6437,1.91561,-0.87543,test,1745412633156
38.28789,21.78802,96.48706,0.0,109.25451,2.09553,-1.23514,test,1745412635165
38.28789,21.78802,96.48706,0.0,99.12283,3.05501,-1.00792,test,1745412637274
38.28789,21.78802,96.48706,0.0,100.00374,2.71624,-0.83446,test,1745412638277
38.28789,21.78802,96.48706,0.0,100.04644,2.30449,-0.93019,test,1745412640350
38.28789,21.78802,96.48706,0.0,100.74091,2.95314,-0.98793,test,1745412642377
38.28789,21.78802,96.48706,0.0,101.51482,3.30257,-1.06705,test,1745412644386
38.28789,21.78802,96.48706,0.0,101.94352,2.98459,-0.92339,test,1745412646395
38.28789,21.78802,96.48706,0.0,109.66402,2.41633,-0.89198,test,1745412647400
38.28789,21.78802,96.48706,0.0,115.37207,2.91311,-1.02565,test,1745412649410
38.28789,21.78802,96.48706,0.0,115.56351,3.18593,-0.76286,test,1745412651419
38.28789,21.78802,96.48706,0.0,114.75581,2.93167,-0.86967,test,1745412652424
38.28789,21.78802,96.48706,0.0,114.87292,2.85185,-1.1265,test,1745412654433
38.28789,21.78802,96.48706,0.0,116.01429,2.4678,-0.81247,test,1745412655439
38.28789,21.78802,96.48706,0.0,93.86452,78.33174,-17.00511,test,1745412656463
38.28789,21.78802,96.48706,0.0,75.94336,63.9454,-41.70332,test,1745412658473
38.28789,21.78802,96.48706,0.0,134.09337,-12.80027,-4.68327,test,1745412659489
38.28789,21.78802,96.48706,0.0,123.54602,-0.06975,-0.77594,test,1745412660498
38.28789,21.78802,96.48706,0.0,113.23876,1.15256,-0.86252,test,1745412662562
38.28789,21.78802,96.48706,0.0,112.48786,1.1981,-0.78876,test,1745412663568
38.28789,21.78802,96.48706,0.0,121.80349,1.4562,-1.17062,test,1745412665575
38.28789,21.78802,96.48706,0.0,114.32544,1.17596,-0.93257,test,1745412666661
38.28789,21.78802,96.48706,0.0,104.71501,1.55416,-0.93265,test,1745412668668
38.28789,21.78802,96.48706,0.0,103.33007,1.26282,-1.00764,test,1745412670681
38.28789,21.78802,96.48706,0.0,112.89863,1.07405,-1.1244,test,1745412672689
38.28789,21.78802,96.48706,0.0,110.85704,1.36687,-1.26369,test,1745412674697
38.28789,21.78802,96.48706,0.0,110.6483,1.3127,-1.0838,test,1745412676706
38.28789,21.78802,96.48706,0.0,110.00907,1.27455,-1.073,test,1745412677711
38.28789,21.78802,96.48706,0.0,110.55358,1.62977,-1.12279,test,1745412678716
38.28789,21.78802,96.48706,0.0,108.85984,1.20366,-1.19815,test,1745412679722
38.28789,21.78802,96.48706,0.0,107.96223,1.32569,-1.27827,test,1745412681732
38.28789,21.78802,96.48706,0.0,108.39362,1.36987,-1.15469,test,1745412682738
38.28789,21.78802,96.48706,0.0,108.72762,1.38452,-1.15524,test,1745412683745
38.28789,21.78802,96.48706,0.0,107.93948,1.47596,-1.1752,test,1745412685756
38.28789,21.78802,96.48706,0.0,109.09445,1.43066,-1.10573,test,1745412686762
38.28789,21.78802,96.48706,0.0,106.73108,1.6556,-1.19093,test,1745412687860
38.28789,21.78802,96.48706,0.0,107.70313,1.40733,-1.15102,test,1745412688862
38.28789,21.78802,96.48706,0.0,107.46157,1.38115,-1.04088,test,1745412690871
38.28789,21.78802,96.48706,0.0,108.20136,1.25901,-1.16957,test,1745412692881
38.28789,21.78802,96.48706,0.0,108.79215,1.41988,-1.03859,test,1745412694891
38.28789,21.78802,96.48706,0.0,109.33638,1.45905,-1.15889,test,1745412696899
38.28789,21.78802,96.48706,0.0,107.87524,1.54054,-1.03088,test,1745412697905
38.28789,21.78802,96.48706,0.0,105.77496,1.57408,-1.1785,test,1745412699914
38.28789,21.78802,96.48706,0.0,98.67435,1.35392,-1.25067,test,1745412701924
38.28789,21.78802,96.48706,0.0,98.90566,1.37289,-1.24124,test,1745412703936
38.28789,21.78802,96.48706,0.0,98.28761,1.13658,-1.29741,test,1745412704941
38.28789,21.78802,96.48706,0.0,97.20964,1.29234,-1.13231,test,1745412705947
38.28789,21.78802,96.48706,0.0,98.52477,1.3619,-1.18964,test,1745412707958
38.28789,21.78802,96.48706,0.0,97.7136,1.22565,-0.98349,test,1745412708964
38.28789,21.78802,96.48706,0.0,99.05308,1.37625,-1.06181,test,1745412710068
38.28789,21.78802,96.48706,0.0,99.00487,1.47488,-1.13222,test,1745412711075
38.28789,21.78802,96.48706,0.0,99.25005,1.1859,-1.02701,test,1745412712080
38.28789,21.78802,96.48706,0.0,97.99442,1.44245,-1.10413,test,1745412714089
38.28789,21.78802,96.48706,0.0,97.77068,1.38893,-1.24306,test,1745412716097
38.28789,21.78802,96.48706,0.0,113.8441,0.01406,1.36916,test,1745412717134
38.28789,21.78802,96.48706,0.0,109.492,0.52702,-0.74367,test,1745412718141
38.28789,21.78802,96.48706,0.0,117.08175,0.9153,-0.75748,test,1745412719248
38.28789,21.78802,96.48706,0.0,121.46781,0.7676,-0.84601,test,1745412720256
38.28789,21.78802,96.48706,0.0,125.08407,1.28523,-0.78549,test,1745412721261
38.28789,21.78802,96.48706,0.0,116.29967,0.94577,-0.41202,test,1745412723271
38.28789,21.78802,96.48706,0.0,119.92155,1.95087,-0.57991,test,1745412724343
38.28789,21.78802,96.48706,0.0,123.1604,1.56777,-0.33066,test,1745412725363
38.28789,21.78802,96.48706,0.0,111.49085,2.14422,-0.53766,test,1745412727370
38.28789,21.78802,96.48706,0.0,111.75371,1.92133,-0.63029,test,1745412728452
38.28789,21.78802,96.48706,0.0,103.16828,2.2683,-0.98247,test,1745412730556
38.28789,21.78802,96.48706,0.0,115.06053,1.72377,-1.03154,test,1745412731561
38.28789,21.78802,96.48706,0.0,103.28169,1.94261,-1.01468,test,1745412733569
38.28789,21.78802,96.48706,0.0,100.83533,2.34806,-0.83305,test,1745412734576
38.28789,21.78802,96.48706,0.0,102.68836,2.10648,-0.65459,test,1745412735582
38.28789,21.78802,96.48706,0.0,109.65945,2.12673,-0.88994,test,1745412736587
38.28789,21.78802,96.48706,0.0,109.77943,2.16866,-0.93187,test,1745412738597
38.28789,21.78802,96.48706,0.0,109.27837,2.41037,-0.72321,test,1745412739602
38.28789,21.78802,96.48706,0.0,109.0896,2.44015,-0.80783,test,1745412740607
38.28789,21.78802,96.48706,0.0,109.72187,2.46394,-0.8484,test,1745412741612
38.28789,21.78802,96.48706,0.0,109.5772,2.22078,-1.01401,test,1745412743621
38.28789,21.78802,96.48706,0.0,109.6487,2.03036,-0.76468,test,1745412744626
38.28789,21.78802,96.48706,0.0,109.51524,2.57391,-0.88966,test,1745412746636
38.28789,21.78802,96.48706,0.0,108.74481,2.38011,-0.96309,test,1745412747642
38.28789,21.78802,96.48706,0.0,109.63476,2.16677,-0.86957,test,1745412749751
38.28789,21.78802,96.48706,0.0,109.79313,1.97681,-0.97585,test,1745412750753
38.28789,21.78802,96.48706,0.0,108.91605,2.40508,-0.88933,test,1745412751757
38.28789,21.78802,96.48706,0.0,109.92427,2.28054,-0.85664,test,1745412752759
38.28789,21.78802,96.48706,0.0,109.36031,1.91515,-0.87521,test,1745412753765
38.28789,21.78802,96.48706,0.0,109.15241,2.19341,-0.83275,test,1745412755774
38.28789,21.78802,96.48706,0.0,108.74166,2.30458,-0.76735,test,1745412756777
38.28789,21.78802,96.48706,0.0,210.95604,2.38295,0.45367,test,1745412916635
38.28789,21.78802,96.48706,0.0,210.91136,2.06946,0.44159,test,1745412917728
38.28789,21.78802,96.48706,0.0,211.86371,2.57249,0.42683,test,1745412918736
38.28789,21.78802,96.48706,0.0,212.27588,2.76574,0.60699,test,1745412919739
38.28789,21.78802,96.48706,0.0,208.84654,1.68264,0.38498,test,1745412920745
38.28789,21.78802,96.48706,0.0,210.45312,2.44936,0.53693,test,1745412922753
38.28789,21.78802,96.48706,0.0,209.92636,2.81066,0.56433,test,1745412924760
38.28789,21.78802,96.48706,0.0,209.86279,2.83122,0.51471,test,1745412926770
38.28789,21.78802,96.48706,0.0,209.59238,2.32297,0.31302,test,1745412927775
38.28789,21.78802,96.48706,0.0,209.68304,2.56285,0.44165,test,1745412929785
38.28789,21.78802,96.48706,0.0,209.92174,2.14422,0.56201,test,1745412931796
38.28789,21.78802,96.48706,0.0,210.52271,2.71761,0.57639,test,1745412933807
38.28789,21.78802,96.48706,0.0,210.71315,2.59041,0.32718,test,1745412934814
38.28789,21.78802,96.48706,0.0,210.30391,2.45078,0.42284,test,1745412935821
38.28789,21.78802,96.48706,0.0,210.0351,2.21162,0.51973,test,1745412936827
38.28789,21.78802,96.48706,0.0,211.32939,2.57782,0.26988,test,1745412937832
38.28789,21.78802,96.48706,0.0,210.72168,2.47914,0.59332,test,1745412938838
38.28789,21.78802,96.48706,0.0,209.3028,2.30345,0.46863,test,1745412939851
38.28789,21.78802,96.48706,0.0,209.02557,2.48221,0.35374,test,1745412940855
38.28789,21.78802,96.48706,0.0,211.12634,2.70238,0.52042,test,1745412941946
38.28789,21.78802,96.48706,0.0,210.82698,2.40283,0.3705,test,1745412943953
38.28789,21.78802,96.48706,0.0,209.55453,2.4336,0.59247,test,1745412945962
38.28789,21.78802,96.48706,0.0,209.75975,2.36145,0.52208,test,1745412948018
38.28789,21.78802,96.48706,0.0,229.75029,5.77,-0.83582,test,1745412949056
38.28789,21.78802,96.48706,0.0,120.95081,3.18191,-2.26184,test,1745412950058
38.28789,21.78802,96.48706,0.0,146.84978,2.78078,-0.10751,test,1745412951063
38.28789,21.78802,96.48706,0.0,108.73207,3.37454,0.50693,test,1745412952068
38.28789,21.78802,96.48706,0.0,81.0714,4.25289,0.5399,test,1745412954161
38.28789,21.78802,96.48706,0.0,92.60059,3.08123,0.33815,test,1745412956168
38.28789,21.78802,96.48706,0.0,123.49923,2.63411,0.3396,test,1745412957172
38.28789,21.78802,96.48706,0.0,109.82078,3.09132,0.49457,test,1745412958183
38.28789,21.78802,96.48706,0.0,108.8456,2.76137,0.20039,test,1745412959189
38.28789,21.78802,96.48706,0.0,91.00471,2.88398,0.49503,test,1745412961200
38.28789,21.78802,96.48706,0.0,117.08463,3.189,0.2975,test,1745412963207
38.28789,21.78802,96.48706,0.0,126.23647,2.58095,0.70251,test,1745412964212
38.28789,21.78802,96.48706,0.0,123.92245,2.71757,0.2713,test,1745412965218
38.28789,21.78802,96.48706,0.0,124.9485,2.42158,0.61383,test,1745412966226
38.28789,21.78802,96.48706,0.0,122.16741,2.56515,0.54872,test,1745412967232
38.28789,21.78802,96.48706,0.0,122.9662,2.93702,0.5085,test,1745412968238
38.28789,21.78802,96.48706,0.0,117.81297,2.6975,0.31424,test,1745412970261
38.28789,21.78802,96.48706,0.0,115.45721,2.42945,0.24252,test,1745412971354
38.28789,21.78802,96.48706,0.0,101.78616,3.11059,0.43939,test,1745412973367
38.28789,21.78802,96.48706,0.0,96.00175,2.67757,0.27151,test,1745412974371
38.28789,21.78802,96.48706,0.0,85.27806,2.89902,0.22704,test,1745412975375
38.28789,21.78802,96.48706,0.0,86.21776,2.9834,0.21425,test,1745412976379
38.28789,21.78802,96.48706,0.0,85.35567,2.7037,0.3535,test,1745412977385
38.28789,21.78802,96.48706,0.0,86.50916,3.10648,0.34245,test,1745412979396
38.28789,21.78802,96.48706,0.0,86.22526,2.79702,0.42252,test,1745412981406
38.28789,21.78802,96.48706,0.0,86.61714,2.70292,0.41122,test,1745412983420
38.28789,21.78802,96.48706,0.0,87.56721,2.86092,0.1174,test,1745412985431
38.28789,21.78802,96.48706,0.0,86.86014,3.0038,0.16034,test,1745412986436
38.28789,21.78802,96.48706,0.0,85.44875,2.93988,0.46701,test,1745412988541
38.28789,21.78802,96.48706,0.0,87.42088,2.85329,0.24173,test,1745412990547
38.28789,21.78802,96.48706,0.0,86.64418,2.70292,0.22925,test,1745412991553
38.28789,21.78802,96.48706,0.0,84.94508,2.71353,0.53932,test,1745412993562
38.28789,21.78802,96.48706,0.0,86.00706,2.94099,0.01933,test,1745412995573
38.28789,21.78802,96.48706,0.0,84.7501,2.79398,0.13092,test,1745412996579
38.28789,21.78802,96.48706,0.0,85.01443,2.79534,0.50819,test,1745412997584
38.28789,21.78802,96.48706,0.0,86.25093,2.92987,0.18652,test,1745412999593
38.28789,21.78802,96.48706,0.0,85.81184,2.58866,0.47568,test,1745413000600
38.28789,21.78802,96.48706,0.0,84.3135,2.8157,0.57648,test,1745413002612
38.28789,21.78802,96.48706,0.0,85.41228,2.63989,0.5358,test,1745413003618
38.28789,21.78802,96.48706,0.0,83.90858,2.78546,0.45297,test,1745413005629
38.28789,21.78802,96.48706,0.0,83.36964,2.80246,0.21428,test,1745413006635
38.28789,21.78802,96.48706,0.0,83.89864,2.66066,0.31157,test,1745413008737
38.28789,21.78802,96.48706,0.0,85.99368,2.82824,0.33946,test,1745413009740
38.28789,21.78802,96.48706,0.0,85.62251,2.91099,0.56209,test,1745413010754
38.28789,21.78802,96.48706,0.0,85.34357,2.64996,0.29802,test,1745413012762
38.28789,21.78802,96.48706,0.0,84.34361,3.34997,0.10289,test,1745413013823
38.28789,21.78802,96.48706,0.0,174.59639,2.60185,1.72939,test,1745413014863
38.28789,21.78802,96.48706,0.0,135.76599,0.54738,2.15163,test,1745413015885
38.28789,21.78802,96.48706,0.0,133.67757,1.70144,2.23517,test,1745413016922
38.28789,21.78802,96.48706,0.0,135.61546,1.51728,2.24492,test,1745413017961
38.28789,21.78802,96.48706,0.0,135.02679,1.59381,2.22678,test,1745413019967
38.28789,21.78802,96.48706,0.0,133.6254,1.39714,2.36482,test,1745413021976
38.28789,21.78802,96.48706,0.0,133.25887,1.51107,2.15865,test,1745413023983
38.28789,21.78802,96.48706,0.0,134.5538,1.59537,2.201,test,1745413024988
38.28789,21.78802,96.48706,0.0,133.2962,1.77556,2.40318,test,1745413026996
38.28789,21.78802,96.48706,0.0,108.11769,6.06057,0.86986,test,1745413028067
38.28789,21.78802,96.48706,0.0,99.72557,1.32812,4.93434,test,1745413029098
38.28789,21.78802,96.48706,0.0,147.70418,-0.0373,0.56416,test,1745413031105
38.28789,21.78802,96.48706,0.0,154.2812,-60.077,73.08411,test,1745413032110
38.28789,21.78802,96.48706,0.0,205.03828,1.81384,6.82945,test,1745413033165
38.28789,21.78802,96.48706,0.0,203.25294,0.85174,5.64171,test,1745413034209
38.28789,21.78802,96.48706,0.0,197.65649,0.94657,5.24594,test,1745413036263
38.28789,21.78802,96.48706,0.0,204.77834,0.90242,5.23573,test,1745413037324
38.28789,21.78802,96.48706,0.0,207.75159,1.45356,4.88982,test,1745413038342
38.28789,21.78802,96.48706,0.0,193.20668,1.09305,5.14799,test,1745413039346
38.28789,21.78802,96.48706,0.0,188.41571,1.22272,4.46513,test,1745413040386
38.28789,21.78802,96.48706,0.0,199.41631,1.13564,4.39865,test,1745413041389
38.28789,21.78802,96.48706,0.0,176.55211,1.08906,4.53322,test,1745413042395
38.28789,21.78802,96.48706,0.0,205.78087,1.30382,4.20322,test,1745413043400
38.28789,21.78802,96.48706,0.0,196.54454,1.52617,4.16985,test,1745413044450
38.28789,21.78802,96.48706,0.0,195.20332,1.5382,4.30081,test,1745413045454
38.28789,21.78802,96.48706,0.0,186.23938,1.32107,4.26936,test,1745413047476
38.28789,21.78802,96.48706,0.0,184.56764,0.88245,4.3947,test,1745413048480
38.28789,21.78802,96.48706,0.0,190.76236,1.08514,4.16913,test,1745413050492
38.28789,21.78802,96.48706,0.0,192.04427,0.99255,4.23312,test,1745413051499
38.28789,21.78802,96.48706,0.0,194.45776,1.37356,4.28571,test,1745413053585
38.28789,21.78802,96.48706,0.0,192.69531,1.20277,4.17924,test,1745413054628
38.28789,21.78802,96.48706,0.0,192.87688,1.38031,4.06854,test,1745413055633
38.28789,21.78802,96.48706,0.0,206.4962,4.91011,6.70018,test,1745413057640
38.28789,21.78802,96.48706,0.0,200.18224,5.22986,6.36679,test,1745413058661
38.28789,21.78802,96.48706,0.0,197.90747,5.04065,6.30394,test,1745413059666
38.28789,21.78802,96.48706,0.0,217.00604,4.42648,6.33257,test,1745413061676
38.28789,21.78802,96.48706,0.0,207.38156,4.69737,6.02588,test,1745413062680
38.28789,21.78802,96.48706,0.0,197.79211,4.73099,5.98131,test,1745413063686
38.28789,21.78802,96.48706,0.0,219.65219,3.94845,5.65907,test,1745413065695
38.28789,21.78802,96.48706,0.0,200.12727,3.71299,5.48378,test,1745413066701
38.28789,21.78802,96.48706,0.0,208.62216,2.90208,4.8286,test,1745413068879
38.28789,21.78802,96.48706,0.0,211.0692,3.0223,4.60396,test,1745413069883
38.28789,21.78802,96.48706,0.0,212.91983,2.93988,4.61304,test,1745413070888
38.28789,21.78802,96.48706,0.0,193.09906,2.35571,4.41391,test,1745413072909
38.28789,21.78802,96.48706,0.0,186.1274,2.48826,4.22769,test,1745413073911
38.28789,21.78802,96.48706,0.0,207.80006,2.22035,4.26836,test,1745413074917
38.28789,21.78802,96.48706,0.0,205.32948,2.71681,4.36755,test,1745413075922
38.28789,21.78802,96.48706,0.0,203.20436,2.67534,4.40227,test,1745413076927
38.28789,21.78802,96.48706,0.0,200.95065,2.01243,4.28673,test,1745413077930
38.28789,21.78802,96.48706,0.0,196.64525,2.37651,4.285,test,1745413078938
38.28789,21.78802,96.48706,0.0,192.10049,2.48887,4.28464,test,1745413080032
38.28789,21.78802,96.48706,0.0,186.31114,2.20787,4.06595,test,1745413081083
38.28789,21.78802,96.48706,0.0,186.8557,2.43983,4.06818,test,1745413082120
38.28789,21.78802,96.48706,0.0,186.56844,2.41983,4.16107,test,1745413083160
38.28789,21.78802,96.48706,0.0,182.51979,2.38587,4.2766,test,1745413084165
38.28789,21.78802,96.48706,0.0,183.1114,2.60632,4.19461,test,1745413086175
38.28789,21.78802,96.48706,0.0,183.51422,2.85526,4.0817,test,1745413087180
38.28789,21.78802,96.48706,0.0,184.5011,2.41022,4.20387,test,1745413088250
38.28789,21.78802,96.48706,0.0,184.64188,2.15656,4.14316,test,1745413089260
38.28789,21.78802,96.48706,0.0,184.93533,2.48342,4.26524,test,1745413090264
38.28789,21.78802,96.48706,0.0,183.31479,2.39871,4.28842,test,1745413091268
38.28789,21.78802,96.48706,0.0,185.37257,2.34978,4.22041,test,1745413092275
38.28789,21.78802,96.48706,0.0,185.52187,2.41022,4.10689,test,1745413093283
38.28789,21.78802,96.48706,0.0,182.87939,2.21817,4.13855,test,1745413095292
38.28789,21.78802,96.48706,0.0,183.83614,2.13445,4.26526,test,1745413096297
38.28789,21.78802,96.48706,0.0,181.2252,2.57642,4.14131,test,1745413097302
38.28789,21.78802,96.48706,0.0,179.9267,2.50834,4.29782,test,1745413099311
38.28789,21.78802,96.48706,0.0,181.81078,2.82807,4.33531,test,1745413101321
38.28789,21.78802,96.48706,0.0,182.37436,2.41037,4.2424,test,1745413103329
38.28789,21.78802,96.48706,0.0,180.46957,2.53509,4.22601,test,1745413105341
38.28789,21.78802,96.48706,0.0,181.02225,2.49437,4.196,test,1745413107352
38.28789,21.78802,96.48706,0.0,182.99503,2.33695,4.0416,test,1745413108357
38.28789,21.78802,96.48706,0.0,181.19733,2.44399,4.2834,test,1745413110369
38.28789,21.78802,96.48706,0.0,181.06288,2.08225,4.25876,test,1745413111375
38.28789,21.78802,96.48706,0.0,183.84187,2.41155,4.16081,test,1745413112380
38.28789,21.78802,96.48706,0.0,184.94392,2.38936,4.16061,test,1745413113385
38.28789,21.78802,96.48706,0.0,181.20216,2.04435,4.11398,test,1745413114455
38.28789,21.78802,96.48706,0.0,181.48228,2.50957,4.1884,test,1745413115459
38.28789,21.78802,96.48706,0.0,183.82288,2.11275,4.09689,test,1745413116478
38.28789,21.78802,96.48706,0.0,184.56577,2.55344,4.14948,test,1745413117493
38.28789,21.78802,96.48706,0.0,183.21202,2.2534,4.20766,test,1745413119514
38.28789,21.78802,96.48706,0.0,184.1185,2.40273,4.14568,test,1745413120521
38.28789,21.78802,96.48706,0.0,182.64546,2.26484,4.21861,test,1745413122530
38.28789,21.78802,96.48706,0.0,183.80464,1.97391,4.11316,test,1745413123536
38.28789,21.78802,96.48706,0.0,180.60431,2.39344,4.13986,test,1745413125547
38.28789,21.78802,96.48706,0.0,181.24515,2.11792,4.37186,test,1745413126555
38.28789,21.78802,96.48706,0.0,181.53098,2.37367,4.21317,test,1745413127671
38.28789,21.78802,96.48706,0.0,179.48795,2.30899,4.01382,test,1745413128686
38.28789,21.78802,96.48706,0.0,178.90425,2.31788,4.35216,test,1745413129690
38.28789,21.78802,96.48706,0.0,182.01778,2.49432,4.03831,test,1745413130696
38.28789,21.78802,96.48706,0.0,177.12427,2.22783,3.97713,test,1745413131701
38.28789,21.78802,96.48706,0.0,179.57401,2.24649,4.21048,test,1745413132706
38.28789,21.78802,96.48706,0.0,182.5119,2.15943,4.20338,test,1745413134718
38.28789,21.78802,96.48706,0.0,181.40363,2.46998,4.22052,test,1745413135723
38.28789,21.78802,96.48706,0.0,178.74574,2.63622,4.35628,test,1745413136728
38.28789,21.78802,96.48706,0.0,184.08362,2.19501,4.20491,test,1745413137733
38.28789,21.78802,96.48706,0.0,181.85878,1.64839,4.23561,test,1745413139743
38.28789,21.78802,96.48706,0.0,182.36497,2.44638,3.91217,test,1745413141753
38.28789,21.78802,96.48706,0.0,182.26794,2.07164,4.08505,test,1745413143763
38.28789,21.78802,96.48706,0.0,180.68642,2.14175,4.1545,test,1745413145883
38.28789,21.78802,96.48706,0.0,181.92258,2.91169,4.14778,test,1745413146888
38.28789,21.78802,96.48706,0.0,184.57014,2.29166,4.34152,test,1745413147893
38.28789,21.78802,96.48706,0.0,184.61249,2.43776,4.10196,test,1745413148899
38.28789,21.78802,96.48706,0.0,187.02924,2.2262,4.32233,test,1745413149904
38.28789,21.78802,96.48706,0.0,186.51112,2.31562,4.16763,test,1745413151914
38.28789,21.78802,96.48706,0.0,185.82065,2.27172,4.13863,test,1745413153923
38.28789,21.78802,96.48706,0.0,183.93271,2.0354,4.12378,test,1745413155934
38.28789,21.78802,96.48706,0.0,184.62759,2.07689,4.10899,test,1745413157945
38.28789,21.78802,96.48706,0.0,184.32703,2.56244,4.18312,test,1745413158948
38.28789,21.78802,96.48706,0.0,218.83446,-13.65094,-0.02371,test,1745413160961
38.28789,21.78802,96.48706,0.0,121.9658,-28.24547,10.08188,test,1745413162971
38.28789,21.78802,96.48706,0.0,253.41623,41.37382,-38.95454,test,1745413164048
38.28789,21.78802,96.48706,0.0,116.07445,3.63921,2.7049,test,1745413165063
38.28789,21.78802,96.48706,0.0,82.57597,1.33597,2.57164,test,1745413167090
38.28789,21.78802,96.48706,0.0,311.44891,-13.13351,-1.76431,test,1745413168165
38.28789,21.78802,96.48706,0.0,272.76886,2.05334,-15.03441,test,1745413169170
38.28789,21.78802,96.48706,0.0,131.24214,0.0,-4.29182,test,1745413170258
38.28789,21.78802,96.48706,0.0,165.03926,68.25407,26.82957,test,1745413171264
38.28789,21.78802,96.48706,0.0,131.38876,1.27054,-19.30569,test,1745413172351
38.28789,21.78802,96.48706,0.0,123.57896,-11.17023,-3.49381,test,1745413173414
38.28789,21.78802,96.48706,0.0,159.62727,2.80075,-13.06216,test,1745413174421
38.28789,21.78802,96.48706,0.0,140.32011,-9.68263,13.36526,test,1745413175422
38.28789,21.78802,96.48706,0.0,74.13762,-3.00348,2.44889,test,1745413176515
38.28789,21.78802,96.48706,0.0,75.22643,4.98431,4.32088,test,1745413177519
38.28789,21.78802,96.48706,0.0,76.20348,-4.4415,14.2468,test,1745413178526
38.28789,21.78802,96.48706,0.0,90.64321,-9.00211,32.56674,test,1745413180541
38.28789,21.78802,96.48706,0.0,136.66618,-2.38753,37.58676,test,1745413181557
38.28789,21.78802,96.48706,0.0,223.49741,-16.13281,-25.215,test,1745413183569
38.28789,21.78802,96.48706,0.0,299.51669,-23.14812,-15.10754,test,1745413184574
38.28789,21.78802,96.48706,0.0,147.74303,-13.13617,58.79652,test,1745413186585
38.28789,21.78802,96.48706,0.0,132.02727,18.28905,85.33472,test,1745413187592
38.28789,21.78802,96.48706,0.0,312.4024,3.39067,-1.0517,test,1745413188735
38.28789,21.78802,96.48706,0.0,338.25128,3.31181,-7.85817,test,1745413189743
38.28789,21.78802,96.48706,0.0,336.10471,2.50964,-2.6038,test,1745413191753
38.28789,21.78802,96.48706,0.0,8.0752,25.27831,27.33671,test,1745413192757
38.28789,21.78802,96.48706,0.0,251.11433,-0.20018,-0.66845,test,1745413194798
38.28789,21.78802,96.48706,0.0,281.17917,3.0867,-6.84369,test,1745413195834
38.28789,21.78802,96.48706,0.0,4.06032,-3.45921,5.56012,test,1745413197955
38.28789,21.78802,96.48706,0.0,322.40588,2.53879,-8.94421,test,1745413198959
38.28789,21.78802,96.48706,0.0,309.80908,-2.69446,-8.81714,test,1745413200030
38.28789,21.78802,96.48706,0.0,67.40274,4.81203,8.26935,test,1745413201154
38.28789,21.78802,96.48706,0.0,25.40055,11.74049,-27.42598,test,1745413203163
38.28783,21.7879,94.24048,0.25,49.1633,-10.62416,13.61388,test,1745413204169
38.28783,21.7879,94.24048,0.25,51.72342,0.95886,0.39127,test,1745413206218
38.28783,21.7879,94.24048,0.25,45.55362,1.01785,0.93916,test,1745413207265
38.28783,21.7879,94.24048,0.25,22.00586,5.80177,84.34235,test,1745413208366
38.28783,21.7879,94.24048,0.25,42.02373,-26.00156,73.78628,test,1745413210376
38.28783,21.7879,94.24048,0.25,79.22663,3.10339,-20.38931,test,1745413211381
38.28783,21.7879,94.24048,0.25,79.67733,7.15022,10.59691,test,1745413212385
38.28781,21.78798,92.29169,1.24,74.82437,2.03806,0.31983,test,1745413213404
38.28781,21.78798,92.29169,1.24,62.9643,-0.41646,-17.87307,test,1745413215413
38.28781,21.78798,92.29169,1.24,96.27324,-12.18848,-33.39954,test,1745413216427
38.28776,21.78806,89.25708,1.59,50.03085,-13.24651,0.26474,test,1745413217431
38.28776,21.78806,89.25708,1.59,0.65163,2.07674,1.52856,test,1745413218434
38.28776,21.78806,89.25708,1.59,304.33539,-16.69281,-0.88148,test,1745413219438
38.28776,21.78806,89.25708,1.59,350.59332,-0.63708,-21.24835,test,1745413220443
38.28782,21.78811,90.5517,1.72,355.34772,5.47423,15.27136,test,1745413221448
38.28782,21.78811,90.5517,1.72,307.55835,-13.47711,-67.91772,test,1745413223458
38.28782,21.78811,90.5517,1.72,329.41058,6.95947,-5.73775,test,1745413224465
38.28786,21.78807,89.77991,0.7,6.56212,-1.55753,-1.70861,test,1745413225611
38.28786,21.78807,89.77991,0.7,41.65731,0.64104,-1.63011,test,1745413226614
38.28786,21.78807,89.77991,0.7,45.65542,0.41628,-1.96761,test,1745413227672
38.28786,21.78801,92.66571,0.0,31.28251,1.46138,-5.98855,test,1745413229747
38.28786,21.78801,92.66571,0.0,45.77533,4.29895,-13.74658,test,1745413230757
38.28786,21.78801,92.66571,0.0,47.54195,0.27414,-3.90038,test,1745413231775
38.28786,21.78801,92.66571,0.0,51.10954,-0.47145,-1.94793,test,1745413233823
38.28786,21.78801,92.66571,0.0,268.74609,40.05559,-74.26903,test,1745413234839
38.28786,21.78801,92.66571,0.0,69.23479,1.55679,8.31195,test,1745413235844
38.28786,21.78801,92.66571,0.0,318.8876,12.00583,-14.19827,test,1745413236850
38.28786,21.78801,92.66571,0.0,323.0993,-1.63698,-6.21767,test,1745413238861
38.28786,21.78801,92.66571,0.0,333.73621,3.35011,15.51167,test,1745413239965
38.28786,21.78801,92.66571,0.0,311.33032,5.77333,-12.68933,test,1745413240969
38.28786,21.78801,92.66571,0.0,60.641,-16.24162,35.89444,test,1745413242975
38.28786,21.78801,92.66571,0.0,285.80347,-10.0063,-7.80992,test,1745413243982
38.28786,21.78794,97.20874,2.96,121.38314,7.60519,79.31123,test,1745413245994
38.28786,21.78794,97.20874,2.96,107.06676,6.26862,31.33178,test,1745413247002
38.28786,21.78794,97.20874,2.96,79.02168,-1.71921,11.64303,test,1745413248007
38.28785,21.78787,98.10004,1.3,74.73126,8.22821,26.00623,test,1745413250015
38.28785,21.78787,98.10004,1.3,86.09521,-2.51375,2.97165,test,1745413252040
38.28785,21.78787,98.10004,1.3,85.78302,-2.29352,2.21981,test,1745413253061
38.28785,21.78787,98.10004,1.3,84.48466,-2.48239,2.61965,test,1745413254066
38.28785,21.78787,98.10004,1.3,86.83532,-2.00371,2.38876,test,1745413256077
38.28785,21.78787,98.10004,1.3,87.89623,-2.07419,2.61258,test,1745413257083
38.28785,21.78787,98.10004,1.3,80.79853,-2.29437,1.57392,test,1745413258100
38.28785,21.78787,98.10004,1.3,78.65892,-2.28288,1.21733,test,1745413259153
38.28785,21.78787,98.10004,1.3,82.09382,-2.14294,0.86108,test,1745413261167
38.28785,21.78787,98.10004,1.3,77.78922,-2.10602,0.42034,test,1745413262173
38.28785,21.78787,98.10004,1.3,78.289,-2.11267,0.8323,test,1745413263179
38.28785,21.78787,98.10004,1.3,83.3344,-2.11111,0.75346,test,1745413265190
38.28785,21.78787,98.10004,1.3,91.47004,-3.13855,1.82643,test,1745413267201
38.28785,21.78787,98.10004,1.3,85.49791,-2.77103,1.68628,test,1745413268208
38.28785,21.78783,93.61597,0.0,86.66677,-2.75447,1.67924,test,1745413269213
38.28785,21.78783,93.61597,0.0,92.36784,-2.61005,2.26062,test,1745413271232
38.28785,21.78783,93.61597,0.0,84.80718,-2.78427,0.85257,test,1745413273239
38.28785,21.78783,93.61597,0.0,84.47729,-2.50127,0.30527,test,1745413274243
38.28785,21.78783,93.61597,0.0,91.84733,3.80133,2.37982,test,1745413276254
38.28785,21.78783,93.61597,0.0,105.37328,-3.41606,2.39531,test,1745413277258
38.28785,21.78783,93.61597,0.0,81.33505,-3.69876,1.83624,test,1745413279374
38.28785,21.78783,93.61597,0.0,82.89278,-3.28789,2.14977,test,1745413280380
38.28785,21.78783,93.61597,0.0,89.6276,-3.62584,1.00018,test,1745413282391
38.28785,21.78783,93.61597,0.0,86.16082,-3.69917,2.71552,test,1745413283397
38.28785,21.78783,93.61597,0.0,84.70918,-3.59875,-2.51948,test,1745413285408
38.28785,21.78783,93.61597,0.0,84.0828,-3.42253,1.67601,test,1745413286553
38.28785,21.78783,93.61597,0.0,82.24396,4.97639,-0.55365,test,1745413288601
38.28785,21.78783,93.61597,0.0,85.41988,-2.17497,1.92068,test,1745413289607
38.28785,21.78783,93.61597,0.0,79.80062,5.60986,2.04967,test,1745413290613
38.28785,21.78783,93.61597,0.0,44.55283,-6.66663,64.22746,test,1745413292628
38.28785,21.78783,93.61597,0.0,73.22933,0.23657,19.77096,test,1745413293631
38.28785,21.78783,93.61597,0.0,281.65173,0.65237,-28.73053,test,1745413295641
38.28785,21.78783,93.61597,0.0,67.18939,-14.09355,3.76608,test,1745413297650
38.28785,21.78783,93.61597,0.0,85.83939,-2.22226,1.86747,test,1745413299659
38.28785,21.78783,93.61597,0.0,82.43907,-2.19743,2.2777,test,1745413301769
38.28785,21.78783,93.61597,0.0,82.48796,-2.21719,1.92115,test,1745413303783
38.28785,21.78783,93.61597,0.0,64.13313,-10.57559,6.59414,test,1745413304787
38.28785,21.78783,93.61597,0.0,71.62397,6.37483,18.77836,test,1745413305794
38.28785,21.78783,93.61597,0.0,70.03573,9.13135,10.15148,test,1745413306799
38.28785,21.78783,93.61597,0.0,346.75089,-59.42703,66.95992,test,1745413308810
38.28785,21.78783,93.61597,0.0,73.73617,4.99667,2.22202,test,1745413309815
38.28785,21.78783,93.61597,0.0,53.64562,4.80684,-11.32374,test,1745413311835
38.28785,21.78787,96.9425,1.66,343.84549,-17.99271,35.2668,test,1745413313844
38.28785,21.78787,96.9425,1.66,77.2199,-16.73959,76.69305,test,1745413315856
38.28785,21.78787,96.9425,1.66,61.9686,-10.46092,83.46242,test,1745413316862
38.28785,21.78797,95.3089,1.69,71.63335,0.82204,-10.17724,test,1745413317866
38.28785,21.78797,95.3089,1.69,193.60814,-7.71947,-5.91516,test,1745413319877
38.28785,21.78797,95.3089,1.69,347.06659,-18.64763,1.98494,test,1745413320942
38.28784,21.78802,95.00702,0.44,77.57578,10.49762,-10.5191,test,1745413321946
38.28784,21.78802,95.00702,0.44,298.8515,12.27194,-2.3364,test,1745413323957
38.28784,21.78802,95.00702,0.44,112.63302,4.13203,-1.29335,test,1745413324961
38.28785,21.78796,95.03302,0.24,110.21515,-2.68147,-0.79605,test,1745413325968
38.28785,21.78796,95.03302,0.24,114.5554,-1.93294,0.12577,test,1745413326975
38.28785,21.78796,95.03302,0.24,107.12528,-2.12148,0.65041,test,1745413328985
38.28785,21.78796,95.03302,0.24,107.08649,-1.8343,0.34918,test,1745413329992
38.28785,21.78796,95.03302,0.24,90.89858,-47.49146,-22.26614,test,1745413331073
38.28785,21.78796,95.03302,0.24,100.80079,-23.711,32.93715,test,1745413332182
38.28783,21.78799,94.60217,1.5,9.85669,37.21703,-50.80824,test,1745413333249
38.28783,21.78799,94.60217,1.5,24.33136,16.87743,-17.33921,test,1745413334292
38.28783,21.78799,94.60217,1.5,41.43246,-7.89809,39.54825,test,1745413335295
38.28783,21.78799,94.60217,1.5,346.96759,-32.15785,4.87938,test,1745413336304
38.28787,21.78804,94.76733,1.53,28.56362,4.58397,5.40753,test,1745413337309
38.28787,21.78804,94.76733,1.53,355.87283,1.52789,5.08751,test,1745413338441
38.28787,21.78804,94.76733,1.53,304.84976,7.1394,25.2476,test,1745413339500
38.28787,21.78804,94.76733,1.53,87.51379,-9.68457,2.35891,test,1745413340563
38.28792,21.78806,93.55756,1.32,79.69425,-1.61641,2.64595,test,1745413341566
38.28792,21.78806,93.55756,1.32,88.41896,-21.49234,-0.34424,test,1745413342571
38.28792,21.78806,93.55756,1.32,88.55603,-21.89612,0.15018,test,1745413344582
38.28792,21.78806,93.55756,1.32,79.76398,-21.79495,0.31562,test,1745413346595
38.28792,21.78806,93.55756,1.32,81.02505,-21.90851,0.54205,test,1745413347600
38.28792,21.78806,93.55756,1.32,84.09473,-21.82596,-0.36081,test,1745413349609
38.28792,21.78806,93.55756,1.32,80.68207,-17.11638,-0.26551,test,1745413350616
38.28792,21.78806,93.55756,1.32,71.85635,-60.80505,-3.02549,test,1745413351665
38.28792,21.78806,93.55756,1.32,88.1529,-3.85719,-0.19569,test,1745413353734
38.28792,21.78806,93.55756,1.32,94.57688,-3.81729,0.1672,test,1745413354801
38.28792,21.78806,93.55756,1.32,90.71593,-3.61522,0.44662,test,1745413355806
38.28792,21.78806,93.55756,1.32,97.07388,-3.78384,0.44684,test,1745413356848
38.28792,21.78806,93.55756,1.32,93.27423,-3.85808,0.9753,test,1745413357886
38.28792,21.78806,93.55756,1.32,95.24229,-3.61517,0.06951,test,1745413358895
38.28792,21.78806,93.55756,1.32,99.41415,-3.58867,0.95597,test,1745413359938
38.28792,21.78806,93.55756,1.32,99.72815,-3.46443,-0.29446,test,1745413360941
38.28792,21.78806,93.55756,1.32,144.26939,-1.86169,-0.58646,test,1745413363004
38.28792,21.78806,93.55756,1.32,141.84074,-2.01906,0.51766,test,1745413365059
38.28792,21.78806,93.55756,1.32,140.99529,-2.02356,0.30848,test,1745413366063
38.28792,21.78806,93.55756,1.32,140.18268,-1.97238,0.26518,test,1745413367067
38.28792,21.78806,93.55756,1.32,140.84546,-2.02765,0.30698,test,1745413368073
38.28792,21.78806,93.55756,1.32,139.9798,-1.88167,0.30818,test,1745413369078
38.28792,21.78806,93.55756,1.32,142.33649,-1.82764,0.27833,test,1745413371089
38.28792,21.78806,93.55756,1.32,141.64558,-1.9395,0.42065,test,1745413373100
38.28792,21.78806,93.55756,1.32,141.23032,-1.95894,0.20941,test,1745413374106
38.28792,21.78806,93.55756,1.32,142.68491,-1.98972,0.32156,test,1745413376116
38.28792,21.78806,93.55756,1.32,87.23146,-1.2571,1.18342,test,1745413378127
38.28792,21.78806,93.55756,1.32,84.57195,-2.41991,0.79609,test,1745413379133
38.28792,21.78806,93.55756,1.32,84.18292,-2.45755,0.79473,test,1745413381147
38.28792,21.78806,93.55756,1.32,89.12315,7.36024,2.19564,test,1745413383156
38.28792,21.78806,93.55756,1.32,68.81432,1.70772,0.89491,test,1745413384161
38.2879,21.78803,94.04327,0.0,94.48156,-4.14128,-0.51791,test,1745413385275
38.2879,21.78803,94.04327,0.0,98.07938,-4.11848,-0.43446,test,1745413386280
38.2879,21.78803,94.04327,0.0,99.08427,-4.18196,-0.61574,test,1745413387285
38.2879,21.78803,94.04327,0.0,98.9927,-4.27127,-0.23744,test,1745413388291
38.2879,21.78803,94.04327,0.0,103.83798,-4.19296,-0.37757,test,1745413390301
38.2879,21.78803,94.04327,0.0,104.81478,-4.14622,-0.64467,test,1745413391306
38.2879,21.78803,94.04327,0.0,109.60463,-4.20303,-0.61679,test,1745413392311
38.2879,21.78803,94.04327,0.0,106.85349,-4.20955,-0.30683,test,1745413394322
38.2879,21.78803,94.04327,0.0,91.78483,-3.03656,0.97881,test,1745413396332
38.2879,21.78803,94.04327,0.0,91.52287,-2.74823,1.01728,test,1745413397357
38.2879,21.78803,94.04327,0.0,91.20038,-2.67633,0.71005,test,1745413398375
38.2879,21.78803,94.04327,0.0,91.42266,-2.8958,0.86654,test,1745413399379
38.2879,21.78803,94.04327,0.0,83.782,-2.63501,1.28792,test,1745413400383
38.2879,21.78803,94.04327,0.0,274.31964,-25.91191,-30.2511,test,1745413402474
38.2879,21.78803,94.04327,0.0,57.65832,-6.08495,33.60543,test,1745413403496
38.2879,21.78803,94.04327,0.0,86.11773,-30.11703,-13.76604,test,1745413404585
38.2879,21.78803,94.04327,0.0,99.55618,11.5598,-15.56613,test,1745413405681
38.2879,21.78803,94.04327,0.0,185.45636,-1.34317,3.4869,test,1745413406700
38.2879,21.78803,94.04327,0.0,107.91601,3.04161,-35.99623,test,1745413407707
38.28782,21.78805,94.69659,1.6,290.55301,-0.64693,20.79243,test,1745413409718
38.28782,21.78805,94.69659,1.6,14.93881,7.75545,4.59859,test,1745413410873
38.28782,21.78805,94.69659,1.6,71.62157,2.35789,-10.57367,test,1745413411950
38.28782,21.78805,94.69659,1.6,65.92555,-4.02393,7.59738,test,1745413412955
38.28784,21.78803,95.22241,0.0,63.49032,2.28825,-2.17911,test,1745413413962
38.28784,21.78803,95.22241,0.0,86.25749,-1.52588,1.17224,test,1745413414968
38.28784,21.78803,95.22241,0.0,87.39002,-1.12152,2.00998,test,1745413415974
38.28784,21.78803,95.22241,0.0,87.02328,-0.94748,2.27337,test,1745413417048
38.28784,21.78803,95.22241,0.0,87.78282,-0.88855,2.56683,test,1745413418113
38.28784,21.78803,95.22241,0.0,87.445,-1.11252,2.60821,test,1745413419117
38.28784,21.78803,95.22241,0.0,84.686,13.78816,4.25421,test,1745413420146
38.28784,21.78803,95.22241,0.0,84.8399,2.33228,0.5402,test,1745413422157
38.28784,21.78803,95.22241,0.0,51.28033,-26.38408,-64.67234,test,1745413424170
38.28784,21.78803,95.22241,0.0,20.1244,-2.16844,74.64898,test,1745413426254
38.28784,21.78803,95.22241,0.0,99.09203,10.42542,-9.93793,test,1745413428262
38.28785,21.78808,95.43048,0.0,101.59547,-2.59166,2.98679,test,1745413429268
38.28785,21.78808,95.43048,0.0,278.51987,27.41692,71.91286,test,1745413430273
38.28785,21.78808,95.43048,0.0,236.21681,-61.1636,84.36627,test,1745413432378
38.28785,21.78808,95.43048,0.0,70.46793,3.15907,-14.25647,test,1745413433391
38.28785,21.78808,95.43048,0.0,336.89078,-6.70914,22.54126,test,1745413434444
38.28785,21.78808,95.43048,0.0,337.70599,-11.15382,6.97948,test,1745413435468
38.28786,21.78802,95.64038,1.59,306.23969,28.22095,48.50034,test,1745413436473
38.28786,21.78802,95.64038,1.59,81.94202,-2.75609,8.66364,test,1745413437483
38.28786,21.78802,95.64038,1.59,94.26298,-7.26128,15.32359,test,1745413440528
38.28789,21.78801,95.29352,0.27,112.01836,7.74164,-2.6656,test,1745413441554
38.28789,21.78801,95.29352,0.27,10.4317,-10.54906,45.27792,test,1745413442655
38.28789,21.78801,95.29352,0.27,81.29381,0.35477,-0.46355,test,1745413443661
38.28789,21.78801,95.29352,0.27,76.59112,-3.95062,9.71978,test,1745413444666
38.28789,21.78801,95.29352,0.27,102.05791,-2.00275,1.49184,test,1745413445671
38.28789,21.78801,95.29352,0.27,99.00498,-2.02559,1.24929,test,1745413447681
38.28789,21.78801,95.29352,0.27,90.39979,-2.30226,1.44876,test,1745413449692
38.28789,21.78801,95.29352,0.27,101.75252,-2.13898,0.96909,test,1745413450699
38.28789,21.78801,95.29352,0.27,101.89227,-2.26974,0.99303,test,1745413452714
38.28789,21.78801,95.29352,0.27,92.57072,-2.05986,0.98555,test,1745413453719
38.28789,21.78801,95.29352,0.27,86.45829,-2.18279,0.73089,test,1745413454725
38.28789,21.78801,95.29352,0.27,89.73886,-2.0554,0.66975,test,1745413456739
38.28789,21.78801,95.29352,0.27,90.10543,-2.15887,0.90362,test,1745413458859
38.28789,21.78801,95.29352,0.27,90.44092,-2.26888,0.54524,test,1745413459862
38.28789,21.78801,95.29352,0.27,95.95187,-2.23164,0.68221,test,1745413461875
38.28789,21.78801,95.29352,0.27,93.78702,-2.08582,0.68453,test,1745413462881
38.28789,21.78801,95.29352,0.27,92.93385,-2.07338,0.68504,test,1745413463887
38.28789,21.78801,95.29352,0.27,93.98235,-2.06931,0.76741,test,1745413465897
38.28789,21.78801,95.29352,0.27,94.26833,-2.16023,0.82603,test,1745413466901
38.28789,21.78801,95.29352,0.27,92.93533,-2.10275,0.57743,test,1745413467906
38.28789,21.78801,95.29352,0.27,96.22975,-2.19319,0.55772,test,1745413472782
38.28789,21.78801,95.29352,0.27,97.92347,-2.05891,0.68487,test,1745413473786
38.28789,21.78801,95.29352,0.27,95.17113,-2.10591,0.70055,test,1745413475798
38.28789,21.78801,95.29352,0.27,93.71459,-2.14066,0.43287,test,1745413476803
38.28789,21.78801,95.29352,0.27,94.11924,-2.23868,0.76816,test,1745413477808
38.28789,21.78801,95.29352,0.27,93.62219,-2.08231,0.55786,test,1745413479818
38.28789,21.78801,95.29352,0.27,93.65511,-2.14902,0.4626,test,1745413480830
38.28789,21.78801,95.29352,0.27,94.39156,-2.17738,0.85528,test,1745413481835
38.28789,21.78801,95.29352,0.27,94.1923,-2.17061,0.58704,test,1745413482839
38.28789,21.78801,95.29352,0.27,54.61785,-30.75046,0.47172,test,1745413483929
38.28789,21.78801,95.29352,0.27,109.34318,1.54846,-3.7758,test,1745413484954
38.28789,21.78801,95.29352,0.27,89.25014,-8.23164,-4.77449,test,1745413485970
38.28789,21.78801,95.29352,0.27,76.58987,-4.03152,5.85573,test,1745413486973
38.28789,21.78801,95.29352,0.27,81.79875,4.21454,-6.88152,test,1745413487976
38.28789,21.78801,95.29352,0.27,143.412,-24.48999,-48.57941,test,1745413489037
38.28789,21.78801,95.29352,0.27,93.32956,-0.33344,4.57466,test,1745413490039
38.28789,21.78801,95.29352,0.27,122.22013,-9.5354,26.18016,test,1745413492050
38.28789,21.78801,95.29352,0.27,75.83593,-15.18565,0.27168,test,1745413493055
38.28789,21.78801,95.29352,0.27,36.45406,-47.53696,1.78875,test,1745413494059
38.28789,21.78801,95.29352,0.27,114.53719,-0.63458,0.99303,test,1745413496068
38.28789,21.78801,95.29352,0.27,67.86324,-21.6512,-0.53364,test,1745413497075
38.28789,21.78801,95.29352,0.27,85.05661,5.49356,3.53681,test,1745413498080
38.28789,21.78801,95.29352,0.27,284.46432,1.38705,3.26696,test,1745413499119
38.28789,21.78801,95.29352,0.27,248.68488,-7.08524,72.21663,test,1745413500123
38.28789,21.78801,95.29352,0.27,81.98207,-0.75534,12.07108,test,1745413502133
38.28789,21.78801,95.29352,0.27,92.19707,-6.77954,3.25736,test,1745413503139
38.28789,21.78801,95.29352,0.27,108.32504,-1.80199,1.46048,test,1745413504144
38.28787,21.78805,97.67725,0.0,107.58235,-1.86342,1.63371,test,1745413505149
38.28787,21.78805,97.67725,0.0,107.9724,-1.82468,1.06988,test,1745413506154
38.28787,21.78805,97.67725,0.0,92.42487,-1.4612,2.74554,test,1745413508167
38.28787,21.78805,97.67725,0.0,96.98025,-2.21321,1.66748,test,1745413509171
38.28787,21.78805,97.67725,0.0,96.35986,-2.14775,0.9387,test,1745413510177
38.28787,21.78805,97.67725,0.0,76.04271,1.38583,0.01242,test,1745413511235
38.28787,21.78805,97.67725,0.0,70.67901,-1.90819,-1.57743,test,1745413513300
38.28787,21.78805,97.67725,0.0,83.57842,-2.30795,0.74458,test,1745413514303
38.28787,21.78805,97.67725,0.0,86.1861,-2.41129,0.74186,test,1745413516401
38.28787,21.78805,97.67725,0.0,86.60219,-2.31837,0.38805,test,1745413518532
38.28787,21.78805,97.67725,0.0,88.01976,-2.32123,1.02526,test,1745413519541
38.28787,21.78805,97.67725,0.0,77.34529,-2.15192,1.01072,test,1745413521549
38.28787,21.78805,97.67725,0.0,86.67981,-2.40125,1.53342,test,1745413522552
38.28787,21.78805,97.67725,0.0,73.19978,-2.26247,0.55048,test,1745413523556
38.28787,21.78805,97.67725,0.0,73.16808,-2.21515,1.42751,test,1745413525657
38.28787,21.78805,97.67725,0.0,72.79839,-2.01131,0.89822,test,1745413526744
38.28787,21.78805,97.67725,0.0,72.62811,-2.21953,1.25411,test,1745413528752
38.28787,21.78805,97.67725,0.0,72.76229,-2.23984,1.02651,test,1745413529755
38.28787,21.78805,97.67725,0.0,73.63977,-2.18304,1.31302,test,1745413531776
38.28787,21.78805,97.67725,0.0,73.15211,-2.32729,1.00776,test,1745413533785
38.28787,21.78805,97.67725,0.0,73.37991,-2.25101,1.17971,test,1745413534792
38.28787,21.78805,97.67725,0.0,73.13866,-2.20612,1.31848,test,1745413535796
38.28787,21.78805,97.67725,0.0,73.97844,-2.38722,1.05775,test,1745413536801
38.28787,21.78805,97.67725,0.0,73.9836,-2.23685,1.33414,test,1745413537807
38.28787,21.78805,97.67725,0.0,74.6088,-1.93562,1.07132,test,1745413539828
38.28787,21.78805,97.67725,0.0,74.29253,-2.26617,1.3127,test,1745413540832
38.28787,21.78805,97.67725,0.0,74.64479,-2.25349,1.10382,test,1745413541835
38.28787,21.78805,97.67725,0.0,74.87667,-2.17476,1.07144,test,1745413542840
38.28787,21.78805,97.67725,0.0,74.69382,-2.185,1.39302,test,1745413543844
38.28787,21.78805,97.67725,0.0,74.54106,-2.34387,1.00085,test,1745413545854
38.28787,21.78805,97.67725,0.0,74.9421,-2.19325,1.31078,test,1745413546974
38.28787,21.78805,97.67725,0.0,75.71362,-2.15916,1.23747,test,1745413547979
38.28787,21.78805,97.67725,0.0,75.21079,-2.23036,1.26024,test,1745413548984
38.28787,21.78805,97.67725,0.0,75.57906,-2.19099,1.44876,test,1745413549989
38.28787,21.78805,97.67725,0.0,75.52605,-2.18314,1.20131,test,1745413550994
38.28787,21.78805,97.67725,0.0,75.75787,-2.26942,1.37054,test,1745413553005
38.28787,21.78805,97.67725,0.0,76.47404,-2.11835,1.4422,test,1745413554011
38.28787,21.78805,97.67725,0.0,75.92403,-2.32274,1.01976,test,1745413556034
38.28787,21.78805,97.67725,0.0,58.07877,-4.51302,7.87571,test,1745413558059
38.28787,21.78805,97.67725,0.0,74.09697,-1.94884,3.33104,test,1745413560068
38.28787,21.78805,97.67725,0.0,75.11115,-1.6851,2.99798,test,1745413561073
38.28787,21.78805,97.67725,0.0,75.28595,-1.82494,3.03993,test,1745413562080
38.2879,21.78803,96.51135,0.0,77.69067,-1.24785,1.22894,test,1745413580286
38.2879,21.78803,96.51135,0.0,77.1637,-1.5435,1.30096,test,1745413581294
38.2879,21.78803,96.51135,0.0,77.22441,-1.41528,1.29874,test,1745413582348
38.2879,21.78803,96.51135,0.0,77.02306,-1.46895,1.31078,test,1745413583352
38.2879,21.78803,96.51135,0.0,78.49567,-1.32877,1.03121,test,1745413585366
38.2879,21.78803,96.51135,0.0,78.87309,-1.34903,1.47019,test,1745413586373
38.2879,21.78803,96.51135,0.0,78.19021,-1.61617,1.27517,test,1745413587378
38.2879,21.78803,96.51135,0.0,79.52341,-1.62256,1.39476,test,1745413589389
38.2879,21.78803,96.51135,0.0,80.39535,-1.60985,0.88701,test,1745413590498
38.2879,21.78803,96.51135,0.0,81.43706,-1.37952,1.20631,test,1745413591503
38.2879,21.78803,96.51135,0.0,80.80093,-1.34503,1.54962,test,1745413592512
38.2879,21.78803,96.51135,0.0,80.5023,-1.46826,1.26835,test,1745413593517
38.2879,21.78803,96.51135,0.0,80.94298,-1.53189,1.66733,test,1745413594522
38.2879,21.78803,96.51135,0.0,80.9901,-1.54543,1.26055,test,1745413596529
38.2879,21.78803,96.51135,0.0,80.21577,-1.51599,1.18937,test,1745413597533
38.2879,21.78803,96.51135,0.0,80.68769,-1.45937,1.14685,test,1745413598540
38.2879,21.78803,96.51135,0.0,80.51054,-1.41609,1.08985,test,1745413600550
38.2879,21.78803,96.51135,0.0,79.23923,-1.59206,1.2783,test,1745413601647
38.2879,21.78803,96.51135,0.0,79.17029,-1.4261,1.30983,test,1745413603658
38.2879,21.78803,96.51135,0.0,92.67199,4.50299,-63.85603,test,1745413605670
38.2879,21.78803,96.51135,0.0,105.64425,-2.54832,1.62215,test,1745413607680
38.2879,21.78803,96.51135,0.0,107.88809,-2.56476,1.78203,test,1745413609693
38.2879,21.78803,96.51135,0.0,109.58101,-2.46333,1.66327,test,1745413610697
38.2879,21.78803,96.51135,0.0,105.5768,-2.59109,1.87461,test,1745413611700
38.2879,21.78803,96.51135,0.0,95.17624,-2.52855,1.06833,test,1745413612704
38.2879,21.78803,96.51135,0.0,120.23757,-3.99371,34.77607,test,1745413613726
38.2879,21.78803,96.51135,0.0,110.19614,-5.89627,0.5249,test,1745413614757
38.2879,21.78803,96.51135,0.0,128.18993,-0.55191,9.7398,test,1745413615762
38.2879,21.78803,96.51135,0.0,114.42874,-2.46092,1.10301,test,1745413616767
38.2879,21.78803,96.51135,0.0,116.24057,-2.23766,0.60028,test,1745413618847
38.2879,21.78803,96.51135,0.0,117.19962,-2.04634,0.89515,test,1745413620857
38.2879,21.78803,96.51135,0.0,101.93551,-2.59285,0.38625,test,1745413621967
38.2879,21.78803,96.51135,0.0,100.39068,-2.32547,0.59093,test,1745413622975
38.2879,21.78803,96.51135,0.0,107.60493,-1.87869,0.22545,test,1745413624984
38.2879,21.78803,96.51135,0.0,95.03423,-1.56398,0.19664,test,1745413625989
38.2879,21.78803,96.51135,0.0,96.10363,-2.04507,-0.23762,test,1745413626994
38.2879,21.78803,96.51135,0.0,102.70804,-2.19,-0.25221,test,1745413628001
38.2879,21.78803,96.51135,0.0,107.65585,-1.99168,-0.12595,test,1745413629007
38.2879,21.78803,96.51135,0.0,106.87805,-2.03249,-0.38026,test,1745413630012
38.2879,21.78803,96.51135,0.0,107.50936,-1.98875,-0.23756,test,1745413631017
38.2879,21.78803,96.51135,0.0,107.97099,-1.87131,-0.37896,test,1745413632038
38.2879,21.78803,96.51135,0.0,108.26834,-2.03653,-0.11289,test,1745413633042
38.2879,21.78803,96.51135,0.0,108.23246,-1.9753,-0.07039,test,1745413635054
38.2879,21.78803,96.51135,0.0,107.4817,-1.94717,-0.02815,test,1745413636060
38.2879,21.78803,96.51135,0.0,108.6338,-2.02457,0.12626,test,1745413637186
38.2879,21.78803,96.51135,0.0,108.76839,-2.1602,0.02782,test,1745413639194
38.2879,21.78803,96.51135,0.0,108.63984,-1.87227,-0.11234,test,1745413640201
38.2879,21.78803,96.51135,0.0,108.21638,-1.92543,-0.0696,test,1745413641207
38.2879,21.78803,96.51135,0.0,109.60985,-1.93671,0.22402,test,1745413642213
38.2879,21.78803,96.51135,0.0,108.87241,-1.89754,0.02804,test,1745413643227
38.2879,21.78803,96.51135,0.0,100.82516,5.96814,-19.68665,test,1745413645337
38.2879,21.78803,96.51135,0.0,88.07751,-2.4834,1.69475,test,1745413646391
38.2879,21.78803,96.51135,0.0,105.96482,-2.43073,0.44892,test,1745413647394
38.2879,21.78803,96.51135,0.0,106.25641,-2.3084,0.76816,test,1745413648399
38.2879,21.78803,96.51135,0.0,94.74065,-1.27785,-5.88023,test,1745413649662
38.2879,21.78803,96.51135,0.0,109.81525,-1.36926,1.54548,test,1745413650672
38.2879,21.78803,96.51135,0.0,107.7052,-1.85681,0.13927,test,1745413651737
38.2879,21.78803,96.51135,0.0,107.994,-1.84601,0.3348,test,1745413652760
38.2879,21.78803,96.51135,0.0,111.57942,-1.79822,1.07066,test,1745413654771
38.2879,21.78803,96.51135,0.0,235.96486,-13.45886,21.02882,test,1745413657026
38.2879,21.78803,96.51135,0.0,138.54585,-8.06976,-31.27383,test,1745413658070
38.2879,21.78803,96.51135,0.0,134.45824,6.31537,-39.79391,test,1745413659076
38.2879,21.78803,96.51135,0.0,125.06284,13.0708,5.85414,test,1745413660197
38.2879,21.78803,96.51135,0.0,288.89899,20.71454,37.44893,test,1745413661200
38.2879,21.78803,96.51135,0.0,209.06664,3.18353,1.32495,test,1745413663211
38.2879,21.78803,96.51135,0.0,221.64899,0.18974,0.47349,test,1745413664217
38.28787,21.78803,96.31958,0.0,217.04832,0.00877,-0.40683,test,1745413665231
38.28787,21.78803,96.31958,0.0,188.61876,0.21851,-0.37757,test,1745413667241
38.28787,21.78803,96.31958,0.0,211.97464,0.43549,-0.1422,test,1745413669253
38.28787,21.78803,96.31958,0.0,211.42894,-0.20088,0.16769,test,1745413670259
38.28787,21.78803,96.31958,0.0,259.49966,18.84857,-18.70664,test,1745413671266
38.28787,21.78803,96.31958,0.0,257.74274,2.44431,13.18931,test,1745413672319
38.28785,21.78798,96.42902,1.81,283.88068,3.95285,-4.61853,test,1745413673395
38.28785,21.78798,96.42902,1.81,284.64258,6.12459,5.50117,test,1745413675414
38.28785,21.78798,96.42902,1.81,280.04797,3.87569,-7.73464,test,1745413676419
38.28784,21.7879,95.92505,1.73,117.92898,25.40601,-57.51721,test,1745413677435
38.28784,21.7879,95.92505,1.73,271.58865,3.09702,1.4069,test,1745413679447
38.28784,21.7879,95.92505,1.73,285.70752,6.96657,7.65393,test,1745413680454
38.28783,21.78781,96.01941,1.74,246.42285,37.41422,-68.8821,test,1745413682578
38.28783,21.78781,96.01941,1.74,37.65123,-46.87791,-47.23181,test,1745413684600
38.28783,21.78773,95.45154,1.77,292.37305,-12.0699,-4.99704,test,1745413685606
38.28783,21.78773,95.45154,1.77,263.00528,-37.86853,31.00374,test,1745413686611
38.28783,21.78773,95.45154,1.77,264.38351,26.48994,-4.99346,test,1745413687616
38.28782,21.78764,95.67346,1.77,50.16986,14.209,-17.37652,test,1745413689727
38.28782,21.78764,95.67346,1.77,93.86296,6.7787,13.36485,test,1745413691769
38.28782,21.78764,95.67346,1.77,60.35589,10.13538,-0.46983,test,1745413693780
38.28782,21.78764,95.67346,1.77,84.93987,0.45525,-5.88349,test,1745413694893
38.28782,21.78764,95.67346,1.77,90.46287,-0.42435,4.02677,test,1745413695913
38.28782,21.78764,95.67346,1.77,89.27032,-0.36891,4.03168,test,1745413697034
38.28782,21.78764,95.67346,1.77,86.21417,-0.48158,4.47379,test,1745413699045
38.28782,21.78764,95.67346,1.77,88.55781,-0.66209,4.28066,test,1745413700050
38.28782,21.78764,95.67346,1.77,83.47153,-0.23204,3.67257,test,1745413701103
38.28782,21.78764,95.67346,1.77,77.07063,-0.17462,4.08147,test,1745413702107
38.28782,21.78764,95.67346,1.77,81.58728,0.2681,3.74581,test,1745413703112
38.28782,21.78764,95.67346,1.77,71.32589,-0.0191,3.35004,test,1745413704118
38.28782,21.78764,95.67346,1.77,29.50282,-0.5844,32.15717,test,1745413705170
38.28782,21.78764,95.67346,1.77,84.83348,-1.21725,3.56927,test,1745413706179
38.28782,21.78764,95.67346,1.77,85.56102,-1.15837,4.5904,test,1745413707264
38.28782,21.78764,95.67346,1.77,85.36514,-0.97905,4.17768,test,1745413708279
38.28782,21.78764,95.67346,1.77,86.12904,-1.22058,4.15318,test,1745413709284
38.28782,21.78764,95.67346,1.77,87.5118,-1.1857,3.73912,test,1745413710290
38.28782,21.78764,95.67346,1.77,75.11267,-1.09125,3.20445,test,1745413712302
38.28782,21.78764,95.67346,1.77,81.62567,-0.89651,2.42414,test,1745413713308
38.28782,21.78764,95.67346,1.77,78.2367,-0.9182,2.1777,test,1745413715323
38.28782,21.78764,95.67346,1.77,71.61813,-0.91251,2.31788,test,1745413716331
38.28782,21.78764,95.67346,1.77,71.34245,-0.80208,2.25143,test,1745413717337
38.28782,21.78764,95.67346,1.77,71.91027,-0.88403,2.19074,test,1745413718344
38.28782,21.78764,95.67346,1.77,71.70957,-0.81668,2.19715,test,1745413719481
38.28782,21.78764,95.67346,1.77,34.0913,-21.06828,32.2693,test,1745413720496
38.28782,21.78764,95.67346,1.77,81.86809,-1.2796,4.25725,test,1745413722506
38.28782,21.78764,95.67346,1.77,81.58338,-1.29012,3.94218,test,1745413724519
38.28782,21.78768,94.51031,0.0,82.81022,-1.09329,3.9513,test,1745413726530
38.28782,21.78768,94.51031,0.0,76.05653,-0.38486,2.84945,test,1745413727535
38.28782,21.78768,94.51031,0.0,84.11207,-0.92778,2.9789,test,1745413728541
38.28782,21.78768,94.51031,0.0,83.84669,-0.73759,2.23988,test,1745413729597
38.28782,21.78768,94.51031,0.0,72.40179,-0.58174,2.10958,test,1745413730688
38.28782,21.78768,94.51031,0.0,80.28094,-0.59271,2.19662,test,1745413731715
38.28782,21.78768,94.51031,0.0,81.39108,-0.59563,2.19335,test,1745413732733
38.28782,21.78768,94.51031,0.0,82.06713,-0.6362,1.8792,test,1745413733931
38.28782,21.78768,94.51031,0.0,62.94127,-14.85532,-17.70798,test,1745413735068
38.28782,21.78768,94.51031,0.0,309.70914,-17.62163,-2.26288,test,1745413736846
38.28783,21.78772,94.11591,1.65,307.33844,-21.51585,4.24184,test,1745413738244
38.28783,21.78772,94.11591,1.65,54.66264,18.40057,-22.43313,test,1745413740451
38.28783,21.7878,94.62744,1.69,266.86078,7.91508,10.50667,test,1745413741478
38.28783,21.7878,94.62744,1.69,278.83289,4.45618,6.53865,test,1745413743646
38.28783,21.7878,94.62744,1.69,351.05356,26.46446,-67.7133,test,1745413744666
38.28783,21.78788,94.44006,1.66,280.21234,-0.9077,-16.10297,test,1745413745671
38.28783,21.78788,94.44006,1.66,77.30558,1.04163,4.81409,test,1745413746676
38.28783,21.78788,94.44006,1.66,42.5043,-66.58166,48.78348,test,1745413748687
38.28783,21.78796,94.7962,1.77,289.86078,34.32797,35.83678,test,1745413749842
38.28783,21.78796,94.7962,1.77,59.51265,4.91463,4.96824,test,1745413751863
38.28783,21.78796,94.7962,1.77,27.94002,-15.09027,-25.88056,test,1745413752870
38.28785,21.78803,95.27075,1.61,329.29529,-15.6691,11.16911,test,1745413753878
38.28785,21.78803,95.27075,1.61,343.36212,10.82303,35.04102,test,1745413755891
38.28785,21.78803,95.27075,1.61,23.74355,-7.85435,-4.28858,test,1745413757094
38.28789,21.78804,94.48041,1.14,298.66333,7.67209,26.88763,test,1745413758242
38.28789,21.78804,94.48041,1.14,249.98994,-22.2449,75.79234,test,1745413759380
38.28789,21.78804,94.48041,1.14,143.18228,-15.01688,8.66158,test,1745413760768
38.28789,21.78804,94.48041,1.14,117.27268,-3.86804,4.11452,test,1745413762047
38.28789,21.78804,94.48041,1.14,199.16611,3.3699,22.93844,test,1745413763093
38.28789,21.78804,94.48041,1.14,111.29554,-21.76062,-0.59897,test,1745413765306
38.28789,21.78804,94.48041,1.14,107.79105,-11.98543,-5.28632,test,1745413766492
38.28789,21.78804,94.48041,1.14,106.02552,-4.43483,0.07001,test,1745413767571
38.28789,21.78804,94.48041,1.14,107.19904,-4.29166,-0.47407,test,1745413768603
38.28789,21.788,96.64819,0.0,108.4791,6.63739,-20.2564,test,1745413769679
38.28789,21.788,96.64819,0.0,106.42839,-2.00346,3.14255,test,1745413770767
38.28789,21.788,96.64819,0.0,126.27598,-5.31155,-1.56267,test,1745413772778
38.28789,21.788,96.64819,0.0,111.83711,2.50856,2.88583,test,1745413773941
38.28789,21.788,96.64819,0.0,131.27734,5.79466,19.72906,test,1745413774947
38.28789,21.788,96.64819,0.0,103.76548,1.09236,7.05312,test,1745413776059
38.28789,21.788,96.64819,0.0,109.16994,0.90416,-0.52239,test,1745413777062
38.28789,21.788,96.64819,0.0,113.48044,5.82295,-11.57951,test,1745413778067
38.28789,21.788,96.64819,0.0,147.884,-1.56441,3.90195,test,1745413779072
38.28789,21.788,96.64819,0.0,141.70274,-1.15367,-0.20759,test,1745413780078
38.28789,21.788,96.64819,0.0,117.87543,-8.7171,7.00575,test,1745413781136
38.28789,21.788,96.64819,0.0,101.64703,20.80701,-66.18785,test,1745413782141
38.28789,21.788,96.64819,0.0,225.74252,11.69435,-20.82745,test,1745413783147
38.28789,21.788,96.64819,0.0,102.02116,-0.36356,-1.98636,test,1745413785162
38.28789,21.788,96.64819,0.0,103.35058,0.21359,13.23858,test,1745413786170
38.28789,21.788,96.64819,0.0,109.82177,4.38637,-11.75698,test,1745413787280
38.28789,21.788,96.64819,0.0,102.18527,-40.92038,-48.05979,test,1745413788284
38.28789,21.788,96.64819,0.0,117.57828,-4.43297,-0.2402,test,1745413790313
38.28789,21.788,96.64819,0.0,144.55569,-3.37376,-0.74167,test,1745413791379
38.28789,21.788,96.64819,0.0,140.66595,-3.60873,-2.36905,test,1745413792389
38.28787,21.78803,96.66699,0.0,149.9796,-3.43239,-2.41526,test,1745413794532
38.28787,21.78803,96.66699,0.0,149.00734,-3.30092,-1.73313,test,1745413796545
38.28787,21.78803,96.66699,0.0,137.01088,-3.2672,-1.32023,test,1745413797669
38.28787,21.78803,96.66699,0.0,127.7943,-3.51831,-1.61939,test,1745413799692
38.28787,21.78803,96.66699,0.0,126.02322,-3.53319,-0.71491,test,1745413800698
38.28787,21.78803,96.66699,0.0,125.02355,-3.42038,-2.04635,test,1745413801715
38.28787,21.78803,96.66699,0.0,126.79693,-3.17133,-3.00393,test,1745413802721
38.28787,21.78803,96.66699,0.0,126.95396,-3.07257,-2.10339,test,1745413803794
38.28787,21.78803,96.66699,0.0,126.36437,-3.45488,-1.75506,test,1745413804797
38.28787,21.78803,96.66699,0.0,125.1759,-3.61218,-2.45056,test,1745413805892
38.28787,21.78803,96.66699,0.0,125.582,-3.51517,-2.30169,test,1745413807981
38.28787,21.78803,96.66699,0.0,127.50925,-3.52126,-2.26374,test,1745413809109
38.28787,21.78803,96.66699,0.0,128.94327,-3.47562,-2.31238,test,1745413810113
38.28787,21.78803,96.66699,0.0,125.62815,-3.57202,-2.12933,test,1745413811240
38.28787,21.78803,96.66699,0.0,126.91945,-3.5157,-2.0787,test,1745413813359
38.28787,21.78803,96.66699,0.0,125.13544,-3.27618,-2.41866,test,1745413814550
38.28787,21.78803,96.66699,0.0,127.19366,-3.83856,-4.64863,test,1745413815593
38.28787,21.78803,96.66699,0.0,128.11678,-3.40057,-2.35513,test,1745413816597
38.28787,21.78803,96.66699,0.0,129.17453,-3.55002,-2.23637,test,1745413817601
38.28787,21.78803,96.66699,0.0,129.30112,-3.40504,-1.90536,test,1745413819612
38.28787,21.78803,96.66699,0.0,131.30499,-3.52881,-2.12566,test,1745413820619
38.28787,21.78803,96.66699,0.0,131.77094,-3.4493,-1.97681,test,1745413822637
38.28787,21.78803,96.66699,0.0,130.96805,-3.5372,-2.00109,test,1745413823643
38.28787,21.78803,96.66699,0.0,128.90082,-3.53833,-2.01391,test,1745413824648
38.28787,21.78803,96.66699,0.0,129.79028,-3.54138,-1.9165,test,1745413826660
38.28787,21.78803,96.66699,0.0,128.48877,-3.54144,-2.217,test,1745413827665
38.28787,21.78803,96.66699,0.0,126.30035,-3.56404,-2.19448,test,1745413828672
38.28787,21.78803,96.66699,0.0,128.43484,-3.27809,-2.15679,test,1745413829808
38.28787,21.78803,96.66699,0.0,131.03728,-3.63358,-2.31521,test,1745413830813
38.28787,21.78803,96.66699,0.0,130.36143,-3.51793,-2.02627,test,1745413831818
38.28787,21.78803,96.66699,0.0,129.1732,-3.33847,-2.34635,test,1745413832827
38.28787,21.78803,96.66699,0.0,129.58923,-3.63133,-1.60622,test,1745413833842
38.28787,21.78803,96.66699,0.0,129.02808,-3.34207,-2.46744,test,1745413835854
38.28787,21.78803,96.66699,0.0,128.39502,-3.51562,-2.20947,test,1745413836859
38.28787,21.78803,96.66699,0.0,129.38089,-3.59326,-1.936,test,1745413837865
38.28787,21.78803,96.66699,0.0,130.3093,-3.51096,-2.18211,test,1745413838872
38.28787,21.78803,96.66699,0.0,129.88968,-3.5668,-2.12621,test,1745413839996
38.28787,21.78803,96.66699,0.0,130.44194,-3.45959,-2.59476,test,1745413842005
38.28787,21.78803,96.66699,0.0,128.40369,-3.68864,-2.44578,test,1745413844018
38.28787,21.78803,96.66699,0.0,132.35405,-3.53044,-2.00335,test,1745413845038
38.28787,21.78803,96.66699,0.0,131.60693,-3.16484,-2.33195,test,1745413846044
38.28787,21.78803,96.66699,0.0,130.20128,-3.44414,-2.02986,test,1745413847049
38.28787,21.78803,96.66699,0.0,132.19298,-3.34624,-2.1886,test,1745413848170
38.28787,21.78803,96.66699,0.0,131.44601,-3.37675,-2.06476,test,1745413849182
38.28787,21.78803,96.66699,0.0,131.13788,-3.21233,-2.18305,test,1745413851192
38.28787,21.78803,96.66699,0.0,131.25616,-3.4765,-2.09417,test,1745413852196
38.28787,21.78803,96.66699,0.0,143.18552,-3.77008,-2.11688,test,1745413853201
38.28787,21.78803,96.66699,0.0,143.79681,-3.60011,-2.48518,test,1745413855252
38.28787,21.78803,96.66699,0.0,140.48834,-3.72223,-2.54317,test,1745413856261
38.28787,21.78803,96.66699,0.0,131.21085,-3.74734,-2.49437,test,1745413858270
38.28787,21.78803,96.66699,0.0,132.62535,-3.88739,-0.59926,test,1745413859276
38.28787,21.78803,96.66699,0.0,132.84473,-3.71727,-3.9026,test,1745413860284
38.28787,21.78803,96.66699,0.0,129.8869,-3.64738,-1.38351,test,1745413861289
38.28787,21.78803,96.66699,0.0,134.19626,-3.09998,-3.01702,test,1745413863299
38.28787,21.78803,96.66699,0.0,140.44479,-3.59506,-1.94451,test,1745413864305
38.28787,21.78803,96.66699,0.0,138.13885,-3.3437,-2.19608,test,1745413865311
38.28787,21.78803,96.66699,0.0,138.16925,-3.46591,-2.30119,test,1745413866316
38.28787,21.78803,96.66699,0.0,137.97968,-3.34314,-2.4336,test,1745413868325
38.28787,21.78803,96.66699,0.0,136.23999,-3.47626,-2.20575,test,1745413869332
38.28787,21.78803,96.66699,0.0,139.30084,-3.54117,-2.32842,test,1745413870338
38.28787,21.78803,96.66699,0.0,137.46533,-3.42712,-2.27992,test,1745413872348
38.28787,21.78803,96.66699,0.0,139.18677,-3.38971,-2.2595,test,1745413874358
38.28787,21.78803,96.66699,0.0,137.17235,-3.48276,-2.51387,test,1745413875463
38.28787,21.78803,96.66699,0.0,138.80237,-3.53781,-2.57328,test,1745413876474
38.28787,21.78803,96.66699,0.0,138.67047,-3.59677,-2.00925,test,1745413877478
38.28787,21.78803,96.66699,0.0,137.68919,-3.54382,-2.25528,test,1745413879486
38.28787,21.78803,96.66699,0.0,139.31815,-3.6725,-2.27659,test,1745413881497
38.28787,21.78803,96.66699,0.0,139.56128,-3.46359,-2.37943,test,1745413882502
38.28787,21.78803,96.66699,0.0,136.65161,-3.56815,-2.30001,test,1745413884513
38.28787,21.78803,96.66699,0.0,136.62944,-3.65869,-2.36953,test,1745413885518
38.28787,21.78803,96.66699,0.0,138.84619,-3.64677,-2.15206,test,1745413886524
38.28787,21.78803,96.66699,0.0,137.74342,-3.48904,-1.93977,test,1745413888536
38.28787,21.78803,96.66699,0.0,136.39735,-3.57494,-1.98925,test,1745413889541
38.28787,21.78803,96.66699,0.0,137.47856,-3.51248,-2.58914,test,1745413891552
38.28787,21.78803,96.66699,0.0,139.1377,-3.35262,-2.56683,test,1745413893668
38.28787,21.78803,96.66699,0.0,137.75156,-3.63391,-2.17503,test,1745413895676
38.28787,21.78803,96.66699,0.0,139.4151,-3.70161,-2.31408,test,1745413896681
38.28787,21.78803,96.66699,0.0,138.14259,-3.50629,-2.44899,test,1745413897686
38.28787,21.78803,96.66699,0.0,137.88828,-3.5966,-2.3702,test,1745413898690
38.28787,21.78803,96.66699,0.0,139.26088,-3.46811,-2.2654,test,1745413900700
38.28787,21.78803,96.66699,0.0,139.21162,-3.57901,-1.06138,test,1745413901707
38.28787,21.78803,96.66699,0.0,114.90669,-3.10944,-0.12654,test,1745413902713
38.28787,21.78803,96.66699,0.0,123.70537,-3.14143,1.31752,test,1745413903779
38.28787,21.78803,96.66699,0.0,127.4878,4.4854,5.44641,test,1745413904783
38.28787,21.78803,96.66699,0.0,127.2276,9.97934,-7.68694,test,1745413905788
38.28787,21.78803,96.66699,0.0,101.9156,-1.7673,-0.29146,test,1745413906880
38.28787,21.78803,96.66699,0.0,133.16783,-6.49789,1.10062,test,1745413909173
38.28787,21.78803,96.66699,0.0,133.16783,-6.49789,1.10062,test,1745413910181
38.28787,21.78803,96.66699,0.0,133.16783,-6.49789,1.10062,test,1745413911191
38.28787,21.78803,96.66699,0.0,133.16783,-6.49789,1.10062,test,1745413912203
38.28787,21.78803,96.66699,0.0,133.16783,-6.49789,1.10062,test,1745413913305
38.28787,21.78803,96.66699,0.0,133.16783,-6.49789,1.10062,test,1745413914320
38.28787,21.78803,96.66699,0.0,133.16783,-6.49789,1.10062,test,1745413916342
38.28787,21.78803,96.66699,0.0,133.16783,-6.49789,1.10062,test,1745413917413
38.28787,21.78803,96.66699,0.0,133.16783,-6.49789,1.10062,test,1745413918527
38.28787,21.78803,96.66699,0.0,133.16783,-6.49789,1.10062,test,1745413919539
38.28787,21.78803,96.66699,0.0,133.16783,-6.49789,1.10062,test,1745413922684
38.28787,21.78803,96.66699,0.0,133.16783,-6.49789,1.10062,test,1745413924163
38.28787,21.78803,96.66699,0.0,133.16783,-6.49789,1.10062,test,1745413928990
38.28787,21.78803,96.66699,0.0,133.16783,-6.49789,1.10062,test,1745413939280
38.28787,21.78803,96.66699,0.0,133.16783,-6.49789,1.10062,test,1745413940288
38.28787,21.78803,96.66699,0.0,133.16783,-6.49789,1.10062,test,1745413944932
38.28787,21.78803,96.66699,0.0,133.16783,-6.49789,1.10062,test,1745413947132
38.28787,21.78803,96.66699,0.0,133.16783,-6.49789,1.10062,test,1745413948142
38.28787,21.78803,96.66699,0.0,133.16783,-6.49789,1.10062,test,1745413949155
38.28787,21.78803,96.66699,0.0,133.16783,-6.49789,1.10062,test,1745413959884
38.28787,21.78803,96.66699,0.0,133.16783,-6.49789,1.10062,test,1745413964976
38.28787,21.78803,96.66699,0.0,133.16783,-6.49789,1.10062,test,1745413966738
38.28787,21.78803,96.66699,0.0,133.16783,-6.49789,1.10062,test,1745413970879
38.28787,21.78803,96.66699,0.0,133.16783,-6.49789,1.10062,test,1745413973234
38.28787,21.78803,96.66699,0.0,133.16783,-6.49789,1.10062,test,1745413975562
38.28787,21.78803,96.66699,0.0,133.16783,-6.49789,1.10062,test,1745413977961
38.28787,21.78803,96.66699,0.0,133.16783,-6.49789,1.10062,test,1745413978970
38.28787,21.78803,96.66699,0.0,133.16783,-6.49789,1.10062,test,1745413979979
38.28787,21.78803,96.66699,0.0,133.16783,-6.49789,1.10062,test,1745413981509
38.28787,21.78803,96.66699,0.0,133.16783,-6.49789,1.10062,test,1745413982518
38.28787,21.78803,96.66699,0.0,133.16783,-6.49789,1.10062,test,1745413985352
38.28787,21.78803,96.66699,0.0,133.16783,-6.49789,1.10062,test,1745413989484
38.28787,21.78803,96.66699,0.0,133.16783,-6.49789,1.10062,test,1745413998262
38.28787,21.78803,96.66699,0.0,133.16783,-6.49789,1.10062,test,1745413999666
38.28787,21.78803,96.66699,0.0,133.16783,-6.49789,1.10062,test,1745414023031
38.28787,21.78803,96.66699,0.0,133.16783,-6.49789,1.10062,test,1745414026425
38.28787,21.78803,96.66699,0.0,133.16783,-6.49789,1.10062,test,1745414027433
38.28787,21.78803,96.66699,0.0,133.16783,-6.49789,1.10062,test,1745414029931
38.28787,21.78803,96.66699,0.0,133.16783,-6.49789,1.10062,test,1745414038919
38.28787,21.78803,96.66699,0.0,133.16783,-6.49789,1.10062,test,1745414039927
38.28787,21.78803,96.66699,0.0,133.16783,-6.49789,1.10062,test,1745414040937
38.28787,21.78803,96.66699,0.0,133.16783,-6.49789,1.10062,test,1745414045103
38.28787,21.78803,96.66699,0.0,133.16783,-6.49789,1.10062,test,1745414046607
38.28787,21.78803,96.66699,0.0,133.16783,-6.49789,1.10062,test,1745414064476
38.28787,21.78803,96.66699,0.0,133.16783,-6.49789,1.10062,test,1745414068306
38.28787,21.78803,96.66699,0.0,133.16783,-6.49789,1.10062,test,1745414076137
38.28787,21.78803,96.66699,0.0,133.16783,-6.49789,1.10062,test,1745414077145
38.28787,21.78803,96.66699,0.0,133.16783,-6.49789,1.10062,test,1745414079162
38.28787,21.78803,96.66699,0.0,133.16783,-6.49789,1.10062,test,1745414080405
38.28787,21.78803,96.66699,0.0,133.16783,-6.49789,1.10062,test,1745414081545
38.28787,21.78803,96.66699,0.0,133.16783,-6.49789,1.10062,test,1745414082560
